运单号,发货地,收货地,揽收人,揽收人ID,客户名称,供应商名称,货物类型,产品类型,重量,体积,运费金额,结算金额,发货时间,揽收时间,派件时间,签收时间,运单状态,对账人,公里数,发货网点,收货网点,异常类型,风险等级
WLYD9585102,南京天河区,南京浦东新区,王娜,EMP_050,王静贸易公司,顺丰速运,电子产品,合同物流,1307kg,3.53m³,4535元,3545元,2025-09-09 11:07,2026-12-24 02:02,2025-09-09 11:07,2025-02-11 15:10,派送中,黄秀英,996km,余杭网点,天河网点,重量异常,高
WLYD5678298,广州天河区,南京鼓楼区,吴磊,EMP_036,杨丽贸易公司,顺丰速运,电子产品,整车,3293kg,5.90m³,800元,3617元,2026-01-20 21:54,2025-02-03 12:47,2026-01-20 21:54,2025-04-17 11:57,已退回,刘秀英,1344km,朝阳网点,南山网点,超时派送,高
WLYD9180925,杭州南山区,北京天河区,杨丽,EMP_059,吴芳贸易公司,顺丰速运,电子产品,零担,2097kg,5.94m³,4898元,1400元,2025-02-22 01:34,2025-05-02 00:39,2025-02-22 01:34,2025-04-13 20:01,已签收,陈伟,1250km,南山网点,余杭网点,虚假签收,高
WLYD2088924,南京朝阳区,上海天河区,杨伟,EMP_017,吴磊贸易公司,顺丰速运,食品,整车,620kg,2.64m³,425元,3171元,2026-08-20 16:56,2025-10-24 06:56,2026-08-20 16:56,2026-12-20 14:46,已签收,李丽,695km,南山网点,天河网点,包装破损,低
WLYD5262118,南京天河区,南京余杭区,刘丽,EMP_052,赵丽贸易公司,顺丰速运,电子产品,整车,1373kg,4.50m³,1520元,563元,2025-05-19 00:34,2026-08-25 18:01,2025-05-19 00:34,2026-07-25 09:50,已签收,刘敏,1747km,天河网点,浦东网点,货物损坏,中
WLYD4313196,南京南山区,北京鼓楼区,周娜,EMP_093,王娜贸易公司,顺丰速运,电子产品,合同物流,151kg,7.03m³,4208元,4510元,2026-09-22 16:50,2026-05-08 17:08,2026-09-22 16:50,2026-10-11 19:34,已签收,王敏,563km,朝阳网点,天河网点,未及时签收,高
WLYD2487800,上海朝阳区,北京天河区,周丽,EMP_082,黄丽贸易公司,顺丰速运,化工品,合同物流,3733kg,8.13m³,2935元,4125元,2025-04-12 04:26,2025-10-18 12:34,2025-04-12 04:26,2025-04-24 01:35,已签收,陈磊,1591km,南山网点,天河网点,包装破损,低
WLYD1823190,上海天河区,北京天河区,王静,EMP_054,李敏贸易公司,顺丰速运,建材,整车,4976kg,6.31m³,775元,1024元,2026-11-07 01:53,2026-05-04 11:01,2026-11-07 01:53,2026-12-02 15:47,派送中,王伟,974km,朝阳网点,南山网点,包装破损,中
WLYD9330428,北京鼓楼区,深圳南山区,陈芳,EMP_100,杨秀英贸易公司,顺丰速运,化工品,整车,4673kg,9.23m³,3282元,3853元,2025-03-22 03:48,2026-10-15 05:29,2025-03-22 03:48,2025-05-09 01:53,派送中,黄磊,1927km,天河网点,天河网点,虚假签收,中
WLYD9594763,上海朝阳区,杭州余杭区,王丽,EMP_006,杨强贸易公司,顺丰速运,化工品,合同物流,1149kg,6.95m³,4992元,2012元,2025-04-15 16:59,2025-04-19 21:41,2025-04-15 16:59,2026-02-04 22:18,已签收,李伟,672km,鼓楼网点,天河网点,未及时签收,高
WLYD6477675,上海鼓楼区,上海天河区,赵伟,EMP_004,赵强贸易公司,顺丰速运,电子产品,整车,388kg,1.72m³,1766元,3856元,2025-08-22 14:31,2026-08-28 20:46,2025-08-22 14:31,2026-02-23 02:54,已签收,吴磊,1207km,朝阳网点,鼓楼网点,重量异常,低
WLYD1212562,上海天河区,杭州鼓楼区,张敏,EMP_024,赵敏贸易公司,顺丰速运,建材,整车,92kg,3.79m³,832元,2799元,2026-04-24 12:51,2025-07-28 12:03,2026-04-24 12:51,2025-03-03 19:04,已签收,周静,770km,南山网点,天河网点,路线异常,中
WLYD1970342,南京浦东新区,南京南山区,李敏,EMP_035,王磊贸易公司,顺丰速运,建材,整车,1543kg,7.08m³,1665元,481元,2025-10-10 18:15,2026-03-25 22:55,2025-10-10 18:15,2025-08-02 20:49,已签收,赵强,238km,鼓楼网点,鼓楼网点,路线异常,低
WLYD5857169,北京浦东新区,南京朝阳区,周洋,EMP_084,周强贸易公司,顺丰速运,食品,零担,221kg,7.55m³,1061元,3820元,2025-10-08 04:48,2026-03-12 01:29,2025-10-08 04:48,2026-11-09 15:23,派送中,黄丽,1746km,余杭网点,朝阳网点,路线异常,高
WLYD8267281,深圳南山区,广州南山区,杨秀英,EMP_083,刘芳贸易公司,顺丰速运,食品,整车,4604kg,6.29m³,4076元,3804元,2026-07-16 04:23,2025-12-26 09:06,2026-07-16 04:23,2025-07-02 04:26,已退回,杨磊,1518km,天河网点,余杭网点,包装破损,高
WLYD5370695,广州南山区,上海浦东新区,刘丽,EMP_083,张静贸易公司,顺丰速运,服装,整车,161kg,1.64m³,379元,1656元,2026-11-02 02:53,2026-04-27 13:01,2026-11-02 02:53,2025-04-12 21:55,已签收,吴强,1227km,余杭网点,浦东网点,货物损坏,低
WLYD2246390,深圳朝阳区,杭州余杭区,赵伟,EMP_042,吴秀英贸易公司,顺丰速运,电子产品,零担,824kg,6.17m³,977元,479元,2026-08-22 10:36,2026-11-17 18:10,2026-08-22 10:36,2026-03-24 23:13,已退回,刘洋,1999km,朝阳网点,余杭网点,包装破损,高
WLYD3536714,广州南山区,上海浦东新区,周磊,EMP_076,黄丽贸易公司,顺丰速运,化工品,合同物流,1686kg,8.81m³,897元,1142元,2025-07-18 03:12,2026-10-01 11:07,2025-07-18 03:12,2025-02-27 15:49,派送中,李伟,1554km,余杭网点,朝阳网点,货物损坏,低
WLYD1256825,北京浦东新区,广州浦东新区,李娜,EMP_069,黄洋贸易公司,顺丰速运,服装,合同物流,4620kg,1.83m³,3892元,3425元,2026-08-09 14:57,2025-01-01 00:40,2026-08-09 14:57,2025-08-25 03:41,已签收,刘丽,686km,南山网点,余杭网点,重量异常,高
WLYD5455448,杭州鼓楼区,上海朝阳区,陈娜,EMP_081,吴秀英贸易公司,顺丰速运,服装,零担,777kg,7.08m³,2433元,3881元,2026-12-03 17:58,2025-07-24 18:29,2026-12-03 17:58,2025-06-01 00:48,已退回,赵洋,1311km,天河网点,天河网点,路线异常,低
WLYD5451665,杭州南山区,广州朝阳区,李伟,EMP_068,黄磊贸易公司,顺丰速运,食品,整车,4636kg,3.77m³,2017元,2084元,2025-01-01 09:25,2025-02-28 16:16,2025-01-01 09:25,2026-01-03 06:13,已签收,陈敏,1827km,浦东网点,鼓楼网点,路线异常,低
WLYD7819337,上海天河区,深圳朝阳区,王伟,EMP_070,赵洋贸易公司,顺丰速运,食品,合同物流,1502kg,9.01m³,4343元,1051元,2025-06-01 07:19,2026-05-21 19:46,2025-06-01 07:19,2025-06-09 11:04,派送中,陈磊,943km,浦东网点,南山网点,虚假签收,低
WLYD3363904,南京浦东新区,杭州朝阳区,黄丽,EMP_078,杨伟贸易公司,顺丰速运,服装,零担,3935kg,5.68m³,1984元,3769元,2026-11-17 22:57,2026-07-28 17:46,2026-11-17 22:57,2026-12-04 19:42,已退回,黄娜,1258km,余杭网点,浦东网点,路线异常,高
WLYD7070827,深圳余杭区,上海鼓楼区,吴静,EMP_064,周芳贸易公司,顺丰速运,建材,整车,4511kg,5.56m³,300元,4220元,2026-03-24 13:53,2025-09-21 11:42,2026-03-24 13:53,2025-08-02 12:17,已退回,刘洋,666km,鼓楼网点,南山网点,货物损坏,低
WLYD4778046,北京鼓楼区,北京浦东新区,杨磊,EMP_047,王娜贸易公司,顺丰速运,服装,零担,2050kg,7.40m³,1211元,3421元,2026-06-12 03:32,2026-01-22 00:04,2026-06-12 03:32,2025-03-28 19:19,已签收,张磊,1865km,余杭网点,鼓楼网点,货物损坏,低
WLYD8137465,广州浦东新区,深圳余杭区,王静,EMP_013,陈芳贸易公司,顺丰速运,食品,整车,1566kg,4.53m³,2894元,1378元,2026-03-16 00:36,2025-06-20 00:46,2026-03-16 00:36,2026-07-05 23:55,已签收,赵秀英,1520km,天河网点,浦东网点,未及时签收,中
WLYD1743772,广州南山区,南京鼓楼区,王丽,EMP_074,王静贸易公司,顺丰速运,化工品,零担,4295kg,0.30m³,2758元,4611元,2026-05-15 12:35,2025-04-15 23:49,2026-05-15 12:35,2025-12-26 15:31,已退回,刘娜,1738km,朝阳网点,南山网点,超时派送,低
WLYD1351088,深圳南山区,深圳朝阳区,周敏,EMP_031,吴静贸易公司,顺丰速运,电子产品,合同物流,1571kg,9.88m³,1568元,1371元,2025-07-19 01:15,2026-03-07 01:04,2025-07-19 01:15,2026-07-12 11:03,已签收,李磊,1204km,鼓楼网点,浦东网点,运费异常,低
WLYD3032892,南京天河区,南京朝阳区,赵磊,EMP_004,李静贸易公司,顺丰速运,服装,零担,545kg,3.93m³,3040元,2879元,2026-08-27 02:25,2025-01-08 04:50,2026-08-27 02:25,2026-12-05 08:54,已退回,陈秀英,613km,余杭网点,浦东网点,重量异常,低
WLYD7344318,深圳余杭区,南京天河区,张洋,EMP_066,黄静贸易公司,顺丰速运,电子产品,整车,2609kg,9.25m³,1625元,228元,2026-05-08 00:01,2025-09-10 00:13,2026-05-08 00:01,2026-12-16 16:47,已签收,刘伟,1562km,南山网点,余杭网点,未及时签收,低
WLYD1868755,上海南山区,深圳南山区,张娜,EMP_056,刘娜贸易公司,顺丰速运,化工品,合同物流,2184kg,7.44m³,144元,1840元,2025-02-22 14:52,2025-01-01 13:44,2025-02-22 14:52,2026-08-20 10:14,派送中,刘磊,394km,天河网点,南山网点,超时派送,低
WLYD6966964,深圳南山区,北京朝阳区,李洋,EMP_082,周磊贸易公司,顺丰速运,电子产品,合同物流,1506kg,1.84m³,317元,362元,2025-03-20 23:15,2026-06-27 07:59,2025-03-20 23:15,2025-10-08 09:45,已退回,黄丽,452km,余杭网点,朝阳网点,运费异常,低
WLYD1488468,南京鼓楼区,上海南山区,吴洋,EMP_073,黄秀英贸易公司,顺丰速运,食品,零担,2589kg,7.68m³,953元,3947元,2026-11-11 19:14,2026-12-11 21:32,2026-11-11 19:14,2025-07-24 19:17,已退回,张敏,1562km,鼓楼网点,余杭网点,未及时签收,高
WLYD2453422,北京天河区,广州鼓楼区,杨磊,EMP_048,周洋贸易公司,顺丰速运,建材,零担,884kg,0.99m³,4201元,808元,2025-04-24 15:49,2026-06-23 01:49,2025-04-24 15:49,2026-09-28 03:35,已签收,吴磊,647km,鼓楼网点,浦东网点,超时派送,低
WLYD8745957,上海朝阳区,北京余杭区,张芳,EMP_050,周丽贸易公司,顺丰速运,建材,零担,2357kg,1.37m³,4505元,2086元,2026-03-08 16:44,2025-01-13 20:05,2026-03-08 16:44,2025-11-23 05:25,已签收,李静,1279km,天河网点,天河网点,包装破损,高
WLYD8869700,深圳南山区,杭州余杭区,赵洋,EMP_049,陈磊贸易公司,顺丰速运,化工品,整车,2540kg,1.66m³,3455元,2502元,2026-11-17 14:24,2026-11-09 01:02,2026-11-17 14:24,2025-04-27 05:07,已签收,黄静,1082km,天河网点,余杭网点,包装破损,高
WLYD8600546,南京余杭区,广州天河区,王秀英,EMP_090,吴洋贸易公司,顺丰速运,建材,合同物流,4977kg,3.15m³,3810元,3471元,2026-08-03 03:50,2026-07-20 05:54,2026-08-03 03:50,2025-04-24 18:05,派送中,李秀英,1573km,余杭网点,朝阳网点,超时派送,高
WLYD8665085,南京鼓楼区,上海南山区,周芳,EMP_006,黄丽贸易公司,顺丰速运,化工品,零担,1657kg,9.75m³,1663元,321元,2025-05-17 22:28,2025-03-23 06:26,2025-05-17 22:28,2025-06-22 09:26,派送中,吴强,1377km,南山网点,鼓楼网点,超时派送,高
WLYD8346062,北京天河区,南京朝阳区,陈敏,EMP_068,张娜贸易公司,顺丰速运,化工品,整车,3600kg,3.35m³,303元,1768元,2025-12-04 04:19,2025-02-10 12:06,2025-12-04 04:19,2026-03-25 09:51,已退回,张丽,889km,余杭网点,鼓楼网点,路线异常,高
WLYD7746708,深圳浦东新区,杭州朝阳区,张芳,EMP_042,吴丽贸易公司,顺丰速运,食品,合同物流,3373kg,3.75m³,3267元,1669元,2026-05-20 05:53,2026-11-19 15:07,2026-05-20 05:53,2026-07-19 11:55,已退回,杨娜,376km,南山网点,余杭网点,虚假签收,中
WLYD6442281,北京浦东新区,上海余杭区,张敏,EMP_039,张强贸易公司,顺丰速运,服装,整车,177kg,2.17m³,4000元,4697元,2026-10-14 11:39,2025-07-19 04:01,2026-10-14 11:39,2025-11-02 11:14,派送中,杨丽,1892km,南山网点,朝阳网点,重量异常,中
WLYD7408480,南京天河区,深圳南山区,黄芳,EMP_062,陈芳贸易公司,顺丰速运,化工品,合同物流,2937kg,7.98m³,2197元,1130元,2026-09-19 17:44,2025-03-01 12:45,2026-09-19 17:44,2025-04-15 19:05,派送中,黄磊,868km,天河网点,朝阳网点,运费异常,高
WLYD2461507,杭州浦东新区,南京南山区,陈丽,EMP_086,黄芳贸易公司,顺丰速运,食品,整车,3247kg,6.09m³,2908元,598元,2026-03-06 18:00,2025-01-05 20:42,2026-03-06 18:00,2025-06-07 20:22,已签收,陈秀英,937km,余杭网点,余杭网点,超时派送,中
WLYD8331228,北京南山区,广州南山区,李静,EMP_076,杨秀英贸易公司,顺丰速运,食品,整车,4641kg,4.53m³,1467元,1511元,2026-04-26 06:51,2026-09-13 14:12,2026-04-26 06:51,2026-08-24 00:40,派送中,陈静,624km,天河网点,鼓楼网点,运费异常,中
WLYD9712839,南京浦东新区,深圳余杭区,吴秀英,EMP_026,赵娜贸易公司,顺丰速运,食品,合同物流,641kg,3.49m³,1314元,1299元,2026-09-17 22:40,2026-05-25 00:20,2026-09-17 22:40,2025-02-15 13:49,已退回,李伟,852km,鼓楼网点,余杭网点,重量异常,中
WLYD3154004,北京浦东新区,杭州天河区,王磊,EMP_043,杨强贸易公司,顺丰速运,化工品,合同物流,1173kg,9.41m³,171元,1990元,2026-12-27 09:47,2026-04-02 12:22,2026-12-27 09:47,2026-07-17 12:45,已签收,李秀英,828km,余杭网点,浦东网点,包装破损,中
WLYD5268015,上海天河区,深圳朝阳区,李芳,EMP_067,吴娜贸易公司,顺丰速运,服装,整车,2265kg,9.70m³,858元,3720元,2025-02-03 03:56,2025-07-09 01:42,2025-02-03 03:56,2025-09-06 07:34,已签收,陈伟,1185km,鼓楼网点,浦东网点,重量异常,中
WLYD6642897,广州浦东新区,杭州天河区,陈静,EMP_002,周丽贸易公司,顺丰速运,电子产品,合同物流,394kg,1.40m³,249元,2120元,2025-02-20 10:35,2026-11-19 00:13,2025-02-20 10:35,2025-10-25 07:21,已退回,杨娜,491km,余杭网点,天河网点,货物损坏,低
WLYD5852404,深圳朝阳区,深圳鼓楼区,张伟,EMP_057,赵娜贸易公司,顺丰速运,食品,整车,1661kg,3.24m³,2002元,2049元,2026-04-14 11:20,2025-06-21 20:44,2026-04-14 11:20,2025-02-28 09:52,已签收,王秀英,118km,鼓楼网点,南山网点,超时派送,低
WLYD3197566,杭州天河区,广州余杭区,张强,EMP_020,刘伟贸易公司,顺丰速运,电子产品,零担,220kg,9.45m³,1700元,4467元,2026-09-13 18:38,2025-03-14 05:19,2026-09-13 18:38,2026-04-18 18:22,已退回,周芳,1679km,鼓楼网点,浦东网点,超时派送,中
WLYD4006392,深圳天河区,北京朝阳区,吴秀英,EMP_037,黄静贸易公司,顺丰速运,化工品,整车,3224kg,8.35m³,328元,184元,2026-09-23 11:06,2026-07-08 11:53,2026-09-23 11:06,2026-09-19 06:55,已退回,周秀英,1110km,南山网点,余杭网点,运费异常,中
WLYD1407377,广州朝阳区,深圳余杭区,李伟,EMP_034,赵秀英贸易公司,顺丰速运,服装,零担,4542kg,2.76m³,4873元,3721元,2025-12-12 17:12,2026-01-16 18:24,2025-12-12 17:12,2025-12-19 14:20,已退回,李秀英,1927km,朝阳网点,鼓楼网点,运费异常,中
WLYD9459468,上海余杭区,上海鼓楼区,刘伟,EMP_064,陈芳贸易公司,顺丰速运,食品,整车,202kg,0.26m³,1581元,695元,2026-02-15 03:53,2026-10-28 19:57,2026-02-15 03:53,2025-10-24 12:41,已签收,杨洋,1920km,朝阳网点,浦东网点,路线异常,中
WLYD6220314,南京浦东新区,南京余杭区,李敏,EMP_087,王敏贸易公司,顺丰速运,电子产品,整车,1657kg,3.80m³,1495元,1026元,2025-12-28 01:29,2025-06-03 01:54,2025-12-28 01:29,2026-03-13 08:28,已签收,刘芳,1187km,余杭网点,余杭网点,虚假签收,低
WLYD5724288,上海南山区,上海余杭区,张伟,EMP_062,吴伟贸易公司,顺丰速运,服装,零担,3336kg,3.67m³,1561元,1803元,2026-10-05 06:07,2026-04-08 17:51,2026-10-05 06:07,2026-08-27 00:28,已退回,吴秀英,698km,浦东网点,南山网点,货物损坏,低
WLYD7590669,南京余杭区,广州余杭区,陈伟,EMP_006,刘丽贸易公司,顺丰速运,化工品,零担,4715kg,7.49m³,2786元,2746元,2025-02-01 11:37,2026-08-04 18:43,2025-02-01 11:37,2026-12-12 06:06,已签收,陈秀英,1838km,鼓楼网点,浦东网点,运费异常,中
WLYD7045747,北京朝阳区,广州浦东新区,赵芳,EMP_096,吴芳贸易公司,顺丰速运,电子产品,合同物流,4646kg,3.12m³,860元,1037元,2025-04-12 07:17,2025-07-17 02:01,2025-04-12 07:17,2026-09-06 16:45,已签收,张洋,973km,浦东网点,鼓楼网点,运费异常,低
WLYD7403527,广州浦东新区,杭州鼓楼区,张伟,EMP_097,刘洋贸易公司,顺丰速运,食品,合同物流,3845kg,0.96m³,2820元,4649元,2026-02-08 04:11,2026-07-23 21:16,2026-02-08 04:11,2026-07-26 07:29,已签收,刘强,799km,朝阳网点,天河网点,虚假签收,中
WLYD6573215,杭州南山区,北京天河区,陈芳,EMP_040,刘伟贸易公司,顺丰速运,化工品,合同物流,1859kg,4.14m³,328元,816元,2025-04-25 20:59,2025-06-28 10:31,2025-04-25 20:59,2025-06-19 03:42,派送中,张芳,341km,鼓楼网点,朝阳网点,虚假签收,高
WLYD4342819,广州余杭区,广州朝阳区,李芳,EMP_008,周芳贸易公司,顺丰速运,食品,整车,2572kg,0.06m³,3403元,3961元,2025-09-21 07:28,2025-09-03 18:23,2025-09-21 07:28,2026-01-09 01:59,派送中,李强,1353km,朝阳网点,鼓楼网点,重量异常,高
WLYD4478891,南京浦东新区,深圳朝阳区,李敏,EMP_076,刘芳贸易公司,顺丰速运,化工品,零担,2461kg,7.88m³,876元,3356元,2026-06-01 07:09,2025-10-18 20:45,2026-06-01 07:09,2025-07-09 16:59,已退回,周芳,184km,南山网点,朝阳网点,包装破损,高
WLYD3094812,广州鼓楼区,上海朝阳区,周磊,EMP_050,陈静贸易公司,顺丰速运,服装,零担,290kg,3.33m³,3071元,1736元,2025-07-27 08:13,2025-07-17 09:21,2025-07-27 08:13,2026-01-28 17:33,已签收,李敏,808km,余杭网点,余杭网点,未及时签收,低
WLYD9781368,北京余杭区,深圳南山区,王静,EMP_069,黄丽贸易公司,顺丰速运,化工品,整车,462kg,5.15m³,2382元,2435元,2025-03-22 23:29,2026-04-26 19:45,2025-03-22 23:29,2025-05-11 23:24,派送中,杨强,915km,余杭网点,朝阳网点,货物损坏,中
WLYD8021865,南京朝阳区,杭州鼓楼区,周丽,EMP_088,吴秀英贸易公司,顺丰速运,建材,合同物流,3931kg,4.58m³,4964元,3277元,2025-09-06 22:09,2026-08-12 08:19,2025-09-06 22:09,2026-03-21 07:22,已退回,杨静,448km,天河网点,浦东网点,运费异常,中
WLYD6971425,上海朝阳区,广州鼓楼区,李静,EMP_084,李磊贸易公司,顺丰速运,电子产品,零担,3741kg,3.56m³,1688元,2278元,2025-10-14 03:46,2026-07-12 02:02,2025-10-14 03:46,2025-09-03 04:14,已退回,李芳,953km,鼓楼网点,天河网点,超时派送,低
WLYD1957499,南京天河区,上海南山区,吴强,EMP_073,陈娜贸易公司,顺丰速运,服装,合同物流,3158kg,2.09m³,4112元,473元,2026-09-16 03:28,2026-07-20 10:37,2026-09-16 03:28,2025-01-18 09:21,已退回,吴芳,676km,鼓楼网点,朝阳网点,运费异常,中
WLYD5322728,杭州南山区,广州余杭区,陈芳,EMP_061,杨静贸易公司,顺丰速运,服装,整车,4627kg,6.26m³,1126元,1884元,2026-03-05 02:33,2025-05-15 09:18,2026-03-05 02:33,2026-10-02 05:29,已退回,赵洋,409km,南山网点,浦东网点,未及时签收,低
WLYD5791974,南京浦东新区,广州浦东新区,刘丽,EMP_089,王静贸易公司,顺丰速运,化工品,合同物流,4109kg,0.11m³,3564元,247元,2026-05-10 08:11,2026-12-12 23:39,2026-05-10 08:11,2025-12-09 18:25,派送中,张芳,1550km,南山网点,余杭网点,超时派送,低
WLYD3603896,北京天河区,上海朝阳区,吴磊,EMP_074,黄敏贸易公司,顺丰速运,服装,合同物流,4574kg,0.63m³,2342元,2247元,2026-09-28 08:10,2025-06-06 00:06,2026-09-28 08:10,2026-10-20 21:16,已退回,赵强,408km,鼓楼网点,余杭网点,重量异常,高
WLYD4576417,深圳浦东新区,上海朝阳区,杨秀英,EMP_042,王娜贸易公司,顺丰速运,建材,整车,366kg,1.95m³,520元,1035元,2025-02-11 07:30,2025-11-10 23:34,2025-02-11 07:30,2025-01-04 02:41,派送中,王静,478km,朝阳网点,朝阳网点,包装破损,高
WLYD7434768,南京天河区,北京鼓楼区,杨丽,EMP_048,杨秀英贸易公司,顺丰速运,电子产品,零担,3347kg,8.02m³,356元,3269元,2026-08-25 18:46,2025-02-22 16:43,2026-08-25 18:46,2025-11-25 01:37,已签收,赵洋,657km,天河网点,南山网点,未及时签收,高
WLYD7138502,南京浦东新区,上海鼓楼区,黄洋,EMP_034,吴秀英贸易公司,顺丰速运,服装,零担,4085kg,2.53m³,3731元,2990元,2026-11-08 10:44,2026-03-17 21:33,2026-11-08 10:44,2025-06-01 09:41,派送中,吴强,1131km,鼓楼网点,天河网点,包装破损,中
WLYD7399427,南京南山区,北京天河区,杨芳,EMP_015,刘芳贸易公司,顺丰速运,化工品,整车,1633kg,8.36m³,3632元,1753元,2025-04-20 09:52,2026-02-05 23:00,2025-04-20 09:52,2026-04-06 11:57,已签收,赵伟,532km,余杭网点,鼓楼网点,未及时签收,中
WLYD7529800,南京浦东新区,北京天河区,吴静,EMP_013,刘磊贸易公司,顺丰速运,建材,合同物流,4103kg,8.76m³,679元,4651元,2026-09-19 06:33,2026-02-27 11:54,2026-09-19 06:33,2025-08-10 12:05,派送中,刘伟,453km,天河网点,朝阳网点,虚假签收,低
WLYD5410674,广州鼓楼区,上海浦东新区,张敏,EMP_005,张伟贸易公司,顺丰速运,电子产品,整车,4305kg,8.98m³,864元,2978元,2025-05-25 21:25,2025-02-09 14:48,2025-05-25 21:25,2025-04-27 22:13,派送中,周洋,732km,浦东网点,鼓楼网点,货物损坏,高
WLYD6567152,上海朝阳区,杭州天河区,赵洋,EMP_100,陈敏贸易公司,顺丰速运,食品,整车,1807kg,5.17m³,1656元,4590元,2025-10-16 17:50,2025-11-07 02:35,2025-10-16 17:50,2026-01-24 19:52,已退回,王伟,1267km,余杭网点,鼓楼网点,超时派送,高
WLYD9382621,杭州浦东新区,南京朝阳区,刘静,EMP_016,周强贸易公司,顺丰速运,服装,合同物流,1230kg,1.97m³,2792元,331元,2025-02-08 19:01,2026-11-20 05:03,2025-02-08 19:01,2025-05-04 14:10,派送中,杨娜,946km,鼓楼网点,余杭网点,货物损坏,中
WLYD1167245,南京朝阳区,南京余杭区,吴芳,EMP_068,李磊贸易公司,顺丰速运,建材,整车,1205kg,6.00m³,2270元,1765元,2026-04-20 16:22,2026-01-01 07:47,2026-04-20 16:22,2026-12-24 15:51,已退回,陈娜,1158km,朝阳网点,余杭网点,包装破损,高
WLYD4995084,上海鼓楼区,杭州天河区,王秀英,EMP_020,刘强贸易公司,顺丰速运,化工品,零担,3644kg,2.51m³,3470元,4195元,2025-05-24 02:46,2025-07-18 09:16,2025-05-24 02:46,2026-05-27 22:16,已签收,周伟,1671km,南山网点,天河网点,未及时签收,中
WLYD2795677,上海南山区,广州余杭区,杨秀英,EMP_005,王伟贸易公司,顺丰速运,电子产品,零担,3129kg,2.79m³,4777元,3521元,2026-03-14 05:16,2026-10-20 23:38,2026-03-14 05:16,2026-11-05 02:14,已退回,王伟,733km,南山网点,朝阳网点,虚假签收,低
WLYD5518556,杭州天河区,南京天河区,吴磊,EMP_028,周强贸易公司,顺丰速运,服装,零担,1975kg,2.98m³,3049元,711元,2025-08-09 12:31,2025-10-02 07:08,2025-08-09 12:31,2026-06-17 17:02,已签收,王磊,1495km,余杭网点,余杭网点,运费异常,中
WLYD6379239,深圳南山区,上海浦东新区,陈芳,EMP_089,刘静贸易公司,顺丰速运,服装,零担,1264kg,9.33m³,1592元,4118元,2026-04-17 18:21,2026-01-06 01:23,2026-04-17 18:21,2026-05-15 15:04,已退回,赵秀英,1096km,鼓楼网点,余杭网点,货物损坏,中
WLYD8933753,广州朝阳区,上海南山区,王静,EMP_020,王磊贸易公司,顺丰速运,食品,合同物流,717kg,1.57m³,583元,3544元,2026-01-19 23:07,2026-02-14 11:25,2026-01-19 23:07,2025-12-06 04:28,已退回,赵伟,1587km,余杭网点,浦东网点,重量异常,中
WLYD7934673,南京天河区,南京鼓楼区,赵敏,EMP_032,赵磊贸易公司,顺丰速运,建材,合同物流,4687kg,1.03m³,3017元,2473元,2026-07-24 21:09,2026-03-13 11:31,2026-07-24 21:09,2025-03-06 09:50,已退回,杨强,1889km,浦东网点,南山网点,未及时签收,中
WLYD8894602,杭州浦东新区,广州朝阳区,黄敏,EMP_021,张芳贸易公司,顺丰速运,建材,合同物流,3083kg,1.60m³,4582元,754元,2026-07-12 16:18,2026-07-18 16:55,2026-07-12 16:18,2025-07-05 08:00,已签收,赵伟,600km,天河网点,余杭网点,运费异常,高
WLYD2555370,南京朝阳区,上海南山区,刘伟,EMP_076,李娜贸易公司,顺丰速运,化工品,合同物流,4787kg,3.63m³,1489元,1743元,2025-06-01 12:48,2026-06-11 00:10,2025-06-01 12:48,2026-09-08 13:40,已退回,周伟,1452km,浦东网点,南山网点,未及时签收,高
WLYD9280275,深圳浦东新区,北京朝阳区,张伟,EMP_006,黄秀英贸易公司,顺丰速运,食品,合同物流,2030kg,4.66m³,4059元,3075元,2025-09-02 11:14,2025-10-18 13:42,2025-09-02 11:14,2026-03-14 00:06,已退回,黄敏,1854km,余杭网点,鼓楼网点,货物损坏,高
WLYD1937189,南京朝阳区,北京鼓楼区,王洋,EMP_001,黄伟贸易公司,顺丰速运,建材,整车,4125kg,2.14m³,2884元,3743元,2026-05-20 12:16,2026-02-05 17:42,2026-05-20 12:16,2026-09-05 19:46,已签收,陈丽,1994km,浦东网点,余杭网点,货物损坏,中
WLYD1902196,上海浦东新区,南京天河区,张丽,EMP_028,刘磊贸易公司,顺丰速运,食品,合同物流,3231kg,2.89m³,4391元,589元,2025-11-06 01:16,2025-11-18 18:25,2025-11-06 01:16,2025-05-22 09:32,派送中,王丽,414km,鼓楼网点,天河网点,货物损坏,中
WLYD1920583,杭州朝阳区,深圳天河区,张强,EMP_001,赵敏贸易公司,顺丰速运,服装,合同物流,3425kg,1.77m³,4788元,1461元,2025-05-11 19:37,2025-08-23 04:48,2025-05-11 19:37,2026-09-05 05:23,派送中,陈强,1166km,浦东网点,南山网点,路线异常,中
WLYD5702912,广州朝阳区,杭州朝阳区,张秀英,EMP_003,赵强贸易公司,顺丰速运,建材,零担,837kg,1.30m³,2257元,1392元,2025-02-05 09:38,2026-07-04 23:02,2025-02-05 09:38,2025-01-16 06:39,已退回,刘静,1076km,天河网点,鼓楼网点,运费异常,低
WLYD7373358,杭州天河区,深圳朝阳区,吴静,EMP_016,陈磊贸易公司,顺丰速运,建材,整车,3129kg,5.94m³,533元,4565元,2026-05-09 03:07,2026-05-24 23:15,2026-05-09 03:07,2025-03-27 19:57,已签收,周静,629km,浦东网点,余杭网点,货物损坏,高
WLYD6845782,上海天河区,杭州朝阳区,吴芳,EMP_054,陈芳贸易公司,顺丰速运,食品,零担,4664kg,5.87m³,2925元,1022元,2025-10-01 18:04,2025-06-11 16:43,2025-10-01 18:04,2026-04-03 18:02,已签收,周丽,252km,天河网点,鼓楼网点,超时派送,高
WLYD4191483,杭州朝阳区,广州余杭区,陈伟,EMP_005,黄伟贸易公司,顺丰速运,服装,零担,4185kg,3.26m³,475元,567元,2025-11-14 12:54,2025-04-02 11:45,2025-11-14 12:54,2026-01-08 21:50,已签收,吴洋,881km,余杭网点,鼓楼网点,超时派送,高
WLYD3211494,广州余杭区,杭州鼓楼区,黄伟,EMP_028,吴静贸易公司,顺丰速运,建材,合同物流,4810kg,7.55m³,138元,2734元,2025-04-20 05:13,2026-11-23 21:27,2025-04-20 05:13,2026-07-03 15:53,已签收,陈强,1853km,南山网点,天河网点,货物损坏,中
WLYD6512661,南京南山区,杭州鼓楼区,陈磊,EMP_042,王洋贸易公司,顺丰速运,化工品,整车,2206kg,9.26m³,2911元,3793元,2026-06-16 00:39,2025-07-21 07:15,2026-06-16 00:39,2026-04-24 11:49,派送中,赵静,1987km,南山网点,朝阳网点,虚假签收,中
WLYD5064537,南京天河区,上海天河区,杨伟,EMP_053,赵磊贸易公司,顺丰速运,电子产品,零担,480kg,1.89m³,3221元,1732元,2025-12-04 19:17,2025-06-17 02:52,2025-12-04 19:17,2025-08-16 12:55,派送中,王秀英,806km,天河网点,浦东网点,虚假签收,高
WLYD7047073,南京南山区,杭州天河区,王敏,EMP_071,张丽贸易公司,顺丰速运,化工品,合同物流,1990kg,0.88m³,2629元,4731元,2025-04-09 10:53,2026-09-17 04:15,2025-04-09 10:53,2025-12-16 08:35,已签收,赵娜,683km,天河网点,朝阳网点,包装破损,低
WLYD8674359,南京朝阳区,杭州南山区,陈丽,EMP_056,黄娜贸易公司,顺丰速运,电子产品,零担,3680kg,6.27m³,166元,4713元,2025-07-19 09:12,2026-01-15 13:41,2025-07-19 09:12,2025-11-24 21:56,派送中,周敏,648km,天河网点,朝阳网点,超时派送,中
WLYD9998319,杭州南山区,上海浦东新区,刘秀英,EMP_080,黄娜贸易公司,顺丰速运,电子产品,合同物流,4111kg,7.92m³,1224元,3894元,2025-03-07 22:01,2025-08-28 22:39,2025-03-07 22:01,2025-08-28 06:18,已签收,李洋,526km,朝阳网点,余杭网点,虚假签收,高
WLYD4565123,广州朝阳区,广州余杭区,李磊,EMP_030,张娜贸易公司,顺丰速运,服装,整车,2644kg,4.77m³,366元,634元,2026-03-01 07:48,2026-10-06 13:43,2026-03-01 07:48,2025-02-16 09:22,已签收,张磊,123km,浦东网点,浦东网点,路线异常,高
WLYD9356779,杭州余杭区,南京鼓楼区,杨秀英,EMP_030,张静贸易公司,顺丰速运,电子产品,整车,1542kg,3.69m³,3895元,206元,2026-11-16 01:52,2025-11-26 06:12,2026-11-16 01:52,2025-12-09 10:49,已签收,陈伟,1750km,南山网点,浦东网点,包装破损,高
WLYD4544351,上海余杭区,南京鼓楼区,杨敏,EMP_069,李伟贸易公司,顺丰速运,服装,合同物流,1851kg,8.14m³,1185元,4429元,2026-11-28 05:34,2025-06-20 23:20,2026-11-28 05:34,2025-08-07 12:19,派送中,张磊,1039km,天河网点,鼓楼网点,重量异常,高
WLYD3393467,广州朝阳区,南京浦东新区,吴秀英,EMP_036,杨娜贸易公司,顺丰速运,电子产品,零担,3554kg,1.63m³,2543元,3055元,2025-10-22 17:36,2026-03-10 10:25,2025-10-22 17:36,2025-05-22 19:50,已退回,张芳,628km,南山网点,鼓楼网点,包装破损,低
WLYD3134964,杭州余杭区,南京鼓楼区,周娜,EMP_057,刘娜贸易公司,顺丰速运,服装,整车,456kg,7.56m³,2868元,2969元,2025-12-14 21:31,2026-03-22 02:02,2025-12-14 21:31,2025-08-09 10:53,派送中,陈芳,1315km,浦东网点,浦东网点,未及时签收,中
WLYD9096783,上海余杭区,北京浦东新区,吴磊,EMP_027,张洋贸易公司,顺丰速运,化工品,整车,3163kg,7.11m³,2416元,4661元,2025-07-09 15:31,2026-04-01 22:38,2025-07-09 15:31,2026-12-11 18:56,已签收,王静,695km,朝阳网点,浦东网点,未及时签收,低
WLYD4306049,南京浦东新区,北京南山区,杨娜,EMP_069,李静贸易公司,顺丰速运,服装,零担,4220kg,4.21m³,1600元,3356元,2025-10-01 01:00,2026-12-23 20:13,2025-10-01 01:00,2025-12-10 23:04,已签收,张芳,1952km,鼓楼网点,余杭网点,超时派送,高
WLYD5504075,广州鼓楼区,深圳鼓楼区,周洋,EMP_075,王伟贸易公司,顺丰速运,食品,零担,2739kg,1.60m³,2773元,3227元,2026-03-15 09:29,2025-01-24 10:23,2026-03-15 09:29,2025-01-13 16:09,已退回,黄娜,1216km,鼓楼网点,南山网点,路线异常,高
WLYD7071571,北京浦东新区,南京余杭区,李强,EMP_012,王敏贸易公司,顺丰速运,建材,合同物流,172kg,9.61m³,3026元,3515元,2026-02-24 14:30,2025-05-26 15:34,2026-02-24 14:30,2026-08-11 02:38,已退回,李敏,1324km,余杭网点,天河网点,货物损坏,高
WLYD8110472,杭州余杭区,北京浦东新区,张敏,EMP_021,陈洋贸易公司,顺丰速运,电子产品,零担,1610kg,5.34m³,2555元,2749元,2026-06-18 08:42,2025-04-22 05:47,2026-06-18 08:42,2026-02-09 15:33,已签收,吴芳,849km,朝阳网点,南山网点,路线异常,高
WLYD4911541,北京朝阳区,上海天河区,陈伟,EMP_024,刘娜贸易公司,顺丰速运,电子产品,合同物流,26kg,2.79m³,1854元,4629元,2026-03-08 03:36,2025-02-11 19:10,2026-03-08 03:36,2026-03-11 12:28,派送中,周洋,856km,南山网点,浦东网点,未及时签收,高
WLYD3718005,深圳朝阳区,深圳南山区,张芳,EMP_100,陈强贸易公司,顺丰速运,化工品,合同物流,1831kg,8.77m³,4861元,3005元,2025-03-13 18:58,2026-03-14 23:56,2025-03-13 18:58,2025-05-24 10:49,已签收,李芳,804km,天河网点,鼓楼网点,未及时签收,高
WLYD4144354,上海余杭区,上海余杭区,王敏,EMP_001,王洋贸易公司,顺丰速运,化工品,零担,4598kg,3.55m³,4671元,717元,2025-12-04 20:53,2026-05-07 15:34,2025-12-04 20:53,2026-08-05 23:03,已退回,张磊,1915km,余杭网点,鼓楼网点,运费异常,高
WLYD4124699,北京朝阳区,广州朝阳区,王敏,EMP_008,李芳贸易公司,顺丰速运,化工品,合同物流,2711kg,7.19m³,758元,3545元,2026-09-26 17:00,2026-06-12 04:21,2026-09-26 17:00,2025-07-22 16:36,已退回,王娜,1357km,浦东网点,余杭网点,超时派送,中
WLYD5914210,上海余杭区,南京南山区,刘强,EMP_091,赵丽贸易公司,顺丰速运,建材,零担,2228kg,8.05m³,1985元,1084元,2026-05-12 08:31,2025-02-01 02:19,2026-05-12 08:31,2026-01-16 19:07,已签收,李强,783km,南山网点,南山网点,虚假签收,低
WLYD3001580,北京鼓楼区,南京余杭区,周丽,EMP_094,李敏贸易公司,顺丰速运,化工品,整车,4497kg,8.00m³,2696元,1329元,2026-02-26 07:56,2026-08-11 11:15,2026-02-26 07:56,2025-06-28 19:19,已签收,刘秀英,1075km,鼓楼网点,朝阳网点,包装破损,高
WLYD8886212,深圳余杭区,杭州天河区,吴强,EMP_038,刘伟贸易公司,顺丰速运,化工品,零担,4186kg,6.21m³,3334元,3498元,2025-05-25 14:17,2025-10-23 21:11,2025-05-25 14:17,2026-05-17 07:01,已退回,杨磊,1977km,朝阳网点,鼓楼网点,路线异常,低
WLYD3113563,杭州南山区,广州余杭区,杨芳,EMP_092,张芳贸易公司,顺丰速运,化工品,整车,2017kg,0.81m³,604元,4103元,2026-06-22 09:12,2026-10-07 03:28,2026-06-22 09:12,2026-02-19 14:30,已签收,王静,73km,余杭网点,浦东网点,未及时签收,低
WLYD3904129,上海朝阳区,深圳朝阳区,吴磊,EMP_096,赵娜贸易公司,顺丰速运,建材,整车,930kg,8.10m³,3697元,1385元,2026-06-14 01:42,2025-09-19 16:21,2026-06-14 01:42,2025-05-06 18:34,已签收,张芳,613km,南山网点,天河网点,包装破损,中
WLYD9358021,南京朝阳区,广州余杭区,张磊,EMP_003,赵丽贸易公司,顺丰速运,食品,零担,4095kg,7.18m³,3395元,3712元,2026-10-12 22:58,2026-12-23 10:27,2026-10-12 22:58,2025-08-19 19:25,已签收,吴丽,1821km,浦东网点,浦东网点,运费异常,低
WLYD4915898,上海天河区,上海浦东新区,周芳,EMP_080,李敏贸易公司,顺丰速运,电子产品,整车,4097kg,0.73m³,4308元,1617元,2025-12-03 04:10,2026-04-22 09:48,2025-12-03 04:10,2026-09-04 05:45,派送中,陈丽,1438km,天河网点,浦东网点,路线异常,高
WLYD6302106,深圳南山区,广州南山区,杨伟,EMP_038,黄娜贸易公司,顺丰速运,化工品,零担,2579kg,1.28m³,1116元,3651元,2026-05-21 03:49,2026-07-03 01:20,2026-05-21 03:49,2025-05-25 23:18,已退回,杨敏,850km,浦东网点,天河网点,运费异常,中
WLYD9370371,上海朝阳区,上海天河区,陈丽,EMP_067,周芳贸易公司,顺丰速运,电子产品,合同物流,2565kg,8.05m³,432元,4287元,2026-02-25 21:41,2025-09-03 12:50,2026-02-25 21:41,2025-04-28 11:06,已退回,李伟,1711km,鼓楼网点,南山网点,路线异常,高
WLYD3430117,北京浦东新区,上海天河区,吴强,EMP_034,赵洋贸易公司,顺丰速运,化工品,合同物流,2542kg,8.73m³,3920元,758元,2026-05-12 09:50,2026-08-19 05:19,2026-05-12 09:50,2026-04-08 20:08,已签收,王芳,1593km,鼓楼网点,朝阳网点,路线异常,高
WLYD8642134,深圳余杭区,北京天河区,陈伟,EMP_097,刘洋贸易公司,顺丰速运,化工品,零担,334kg,9.15m³,3774元,1078元,2026-01-11 07:42,2025-05-23 03:29,2026-01-11 07:42,2025-11-13 14:55,派送中,吴洋,1186km,天河网点,余杭网点,包装破损,低
WLYD4235333,广州南山区,杭州浦东新区,黄秀英,EMP_082,张静贸易公司,顺丰速运,服装,整车,4593kg,0.82m³,1901元,1665元,2026-07-08 08:36,2026-07-07 13:09,2026-07-08 08:36,2025-01-09 19:55,派送中,李敏,1933km,天河网点,南山网点,虚假签收,高
WLYD5896980,深圳南山区,上海浦东新区,杨强,EMP_028,杨芳贸易公司,顺丰速运,建材,整车,284kg,4.81m³,397元,4797元,2026-01-03 18:22,2026-05-17 05:24,2026-01-03 18:22,2025-02-21 07:03,已退回,刘敏,1405km,天河网点,浦东网点,未及时签收,中
WLYD5424316,广州朝阳区,广州余杭区,王秀英,EMP_096,黄丽贸易公司,顺丰速运,食品,整车,3158kg,0.18m³,1493元,3638元,2025-04-12 18:12,2025-04-19 21:31,2025-04-12 18:12,2026-10-25 11:37,已退回,刘强,1926km,浦东网点,天河网点,虚假签收,高
WLYD1750804,北京南山区,上海鼓楼区,赵强,EMP_090,杨磊贸易公司,顺丰速运,食品,零担,2145kg,1.30m³,1569元,2200元,2026-10-19 14:47,2025-12-24 23:09,2026-10-19 14:47,2025-01-19 06:11,已退回,周敏,1303km,天河网点,余杭网点,路线异常,高
WLYD4979171,深圳天河区,广州朝阳区,黄伟,EMP_090,杨强贸易公司,顺丰速运,化工品,整车,1523kg,9.68m³,2228元,2441元,2025-01-12 23:54,2025-04-11 11:35,2025-01-12 23:54,2026-01-19 10:32,派送中,杨丽,1642km,朝阳网点,朝阳网点,未及时签收,高
WLYD9776930,深圳朝阳区,杭州鼓楼区,陈娜,EMP_019,王芳贸易公司,顺丰速运,服装,整车,1812kg,7.20m³,2628元,3754元,2026-01-24 10:59,2025-09-16 21:06,2026-01-24 10:59,2026-02-03 09:46,已签收,周丽,1519km,余杭网点,南山网点,未及时签收,高
WLYD8824627,上海浦东新区,北京天河区,李敏,EMP_019,陈伟贸易公司,顺丰速运,建材,零担,175kg,7.44m³,994元,723元,2025-10-24 09:33,2025-01-19 20:51,2025-10-24 09:33,2026-11-05 01:32,已退回,王强,1639km,朝阳网点,南山网点,路线异常,高
WLYD4147882,北京天河区,广州浦东新区,刘丽,EMP_049,周伟贸易公司,顺丰速运,建材,零担,4063kg,4.24m³,393元,2956元,2026-08-08 03:21,2025-10-22 09:38,2026-08-08 03:21,2026-05-04 01:02,派送中,周丽,527km,余杭网点,南山网点,路线异常,高
WLYD4375309,上海余杭区,南京南山区,李丽,EMP_098,黄静贸易公司,顺丰速运,电子产品,合同物流,2791kg,7.36m³,2876元,3470元,2026-07-10 08:52,2025-06-16 16:42,2026-07-10 08:52,2025-10-09 21:15,已签收,陈丽,1530km,浦东网点,鼓楼网点,包装破损,低
WLYD7147840,杭州天河区,上海南山区,黄伟,EMP_035,杨丽贸易公司,顺丰速运,电子产品,合同物流,1515kg,2.05m³,1846元,3151元,2025-11-16 00:55,2026-08-22 12:47,2025-11-16 00:55,2026-01-24 10:23,已签收,王秀英,855km,鼓楼网点,朝阳网点,货物损坏,低
WLYD3000797,杭州浦东新区,广州鼓楼区,张芳,EMP_030,王敏贸易公司,顺丰速运,化工品,合同物流,1475kg,7.23m³,3660元,1735元,2025-08-07 22:53,2025-09-16 15:48,2025-08-07 22:53,2025-05-07 20:00,已签收,张磊,241km,天河网点,浦东网点,货物损坏,中
WLYD7178911,杭州朝阳区,上海余杭区,周娜,EMP_050,王洋贸易公司,顺丰速运,食品,合同物流,4250kg,2.80m³,933元,2862元,2025-01-09 18:47,2026-03-12 19:55,2025-01-09 18:47,2026-10-26 02:13,派送中,赵静,207km,浦东网点,余杭网点,货物损坏,低
WLYD7563767,上海浦东新区,上海天河区,赵强,EMP_027,赵强贸易公司,顺丰速运,建材,零担,4746kg,0.48m³,3905元,3997元,2025-01-05 03:45,2026-05-21 19:38,2025-01-05 03:45,2026-06-16 23:07,派送中,刘丽,840km,浦东网点,南山网点,包装破损,中
WLYD3765347,南京朝阳区,上海天河区,赵伟,EMP_031,刘丽贸易公司,顺丰速运,食品,零担,4481kg,1.46m³,942元,3618元,2025-10-07 07:36,2025-12-02 18:28,2025-10-07 07:36,2026-12-19 07:24,已签收,陈静,481km,南山网点,朝阳网点,重量异常,高
WLYD8102023,北京浦东新区,南京天河区,张静,EMP_014,杨磊贸易公司,顺丰速运,建材,整车,2360kg,1.76m³,1728元,2359元,2025-03-24 08:41,2025-01-18 06:27,2025-03-24 08:41,2025-09-20 06:42,已退回,陈丽,775km,余杭网点,天河网点,货物损坏,中
WLYD2092386,深圳浦东新区,杭州南山区,张磊,EMP_025,黄伟贸易公司,顺丰速运,食品,整车,3481kg,3.65m³,2369元,3114元,2025-08-21 15:42,2025-01-15 08:38,2025-08-21 15:42,2026-05-12 23:27,已签收,李丽,440km,余杭网点,余杭网点,未及时签收,中
WLYD4093954,北京余杭区,北京余杭区,周丽,EMP_025,李娜贸易公司,顺丰速运,食品,零担,1119kg,5.76m³,4252元,4545元,2025-05-27 06:52,2026-06-22 06:41,2025-05-27 06:52,2025-12-23 13:43,已签收,吴静,1678km,余杭网点,南山网点,运费异常,高
WLYD6598148,深圳天河区,广州余杭区,王丽,EMP_028,张静贸易公司,顺丰速运,服装,整车,247kg,3.82m³,3077元,1313元,2025-12-17 06:43,2026-05-09 11:35,2025-12-17 06:43,2026-12-13 18:59,派送中,杨伟,1378km,朝阳网点,朝阳网点,未及时签收,中
WLYD9778983,上海余杭区,广州天河区,李娜,EMP_010,黄秀英贸易公司,顺丰速运,服装,零担,651kg,2.89m³,246元,4219元,2026-03-26 10:51,2025-05-20 13:05,2026-03-26 10:51,2025-12-10 14:49,已退回,赵静,1254km,天河网点,天河网点,包装破损,高
WLYD9225601,杭州鼓楼区,深圳朝阳区,吴静,EMP_058,刘静贸易公司,顺丰速运,服装,合同物流,1434kg,7.70m³,4371元,1597元,2026-04-20 20:59,2025-10-15 17:23,2026-04-20 20:59,2025-10-28 03:51,派送中,王伟,450km,余杭网点,浦东网点,包装破损,高
WLYD4058224,上海天河区,杭州余杭区,周磊,EMP_098,刘芳贸易公司,顺丰速运,服装,整车,4668kg,3.90m³,1545元,350元,2025-05-04 19:22,2025-03-21 09:39,2025-05-04 19:22,2025-03-13 05:14,已签收,吴强,432km,天河网点,浦东网点,路线异常,低
WLYD4056217,北京鼓楼区,杭州浦东新区,周秀英,EMP_084,黄强贸易公司,顺丰速运,电子产品,零担,1589kg,2.43m³,4879元,3619元,2025-12-07 15:30,2025-02-26 16:41,2025-12-07 15:30,2025-08-19 01:12,已退回,赵磊,1875km,朝阳网点,天河网点,重量异常,高
WLYD2626326,深圳天河区,南京天河区,吴静,EMP_053,刘敏贸易公司,顺丰速运,电子产品,整车,3139kg,6.80m³,1498元,243元,2025-07-24 20:13,2026-04-07 00:27,2025-07-24 20:13,2025-03-02 18:14,派送中,刘丽,1988km,南山网点,鼓楼网点,货物损坏,低
WLYD6848478,上海朝阳区,杭州浦东新区,陈芳,EMP_015,陈强贸易公司,顺丰速运,电子产品,零担,2790kg,9.62m³,1010元,3125元,2026-01-01 17:59,2025-09-01 18:23,2026-01-01 17:59,2026-12-05 09:05,派送中,王娜,1092km,余杭网点,天河网点,运费异常,高
WLYD9390598,北京鼓楼区,杭州南山区,张洋,EMP_086,周静贸易公司,顺丰速运,电子产品,整车,4102kg,4.99m³,4250元,1169元,2025-06-18 02:47,2025-11-24 22:55,2025-06-18 02:47,2026-09-05 10:01,派送中,赵丽,1545km,朝阳网点,南山网点,货物损坏,低
WLYD7896649,北京鼓楼区,杭州天河区,黄丽,EMP_030,周强贸易公司,顺丰速运,食品,整车,2094kg,1.78m³,3118元,1760元,2026-02-24 14:34,2026-07-21 22:04,2026-02-24 14:34,2025-05-11 16:44,派送中,王磊,1906km,南山网点,鼓楼网点,超时派送,高
WLYD2911694,北京南山区,广州余杭区,王丽,EMP_032,赵丽贸易公司,顺丰速运,服装,合同物流,4728kg,0.84m³,4797元,1736元,2026-09-10 08:25,2026-07-12 23:24,2026-09-10 08:25,2025-05-11 13:01,派送中,杨洋,1158km,南山网点,朝阳网点,包装破损,中
WLYD2065711,深圳天河区,南京朝阳区,陈秀英,EMP_062,陈磊贸易公司,顺丰速运,电子产品,整车,1318kg,8.98m³,3791元,3292元,2026-06-20 09:09,2026-04-03 04:04,2026-06-20 09:09,2026-10-16 17:23,已退回,王伟,1422km,南山网点,鼓楼网点,货物损坏,中
WLYD1593899,深圳余杭区,北京朝阳区,张娜,EMP_033,黄洋贸易公司,顺丰速运,化工品,合同物流,724kg,4.41m³,1799元,4625元,2026-06-13 04:36,2025-02-06 01:12,2026-06-13 04:36,2025-04-05 10:02,派送中,陈丽,1659km,浦东网点,南山网点,货物损坏,高
WLYD3761743,广州朝阳区,北京浦东新区,吴磊,EMP_033,赵强贸易公司,顺丰速运,电子产品,合同物流,3159kg,1.74m³,4492元,919元,2025-07-23 13:11,2025-12-06 22:55,2025-07-23 13:11,2025-09-12 09:53,派送中,刘娜,488km,浦东网点,浦东网点,运费异常,低
WLYD3900630,广州余杭区,上海浦东新区,吴秀英,EMP_082,吴磊贸易公司,顺丰速运,电子产品,合同物流,724kg,6.28m³,4568元,1905元,2025-06-26 05:02,2026-03-19 20:40,2025-06-26 05:02,2025-04-22 10:06,派送中,黄磊,814km,浦东网点,朝阳网点,重量异常,中
WLYD5863736,杭州天河区,深圳余杭区,王强,EMP_015,王芳贸易公司,顺丰速运,服装,整车,4948kg,1.85m³,1384元,3921元,2025-04-23 03:50,2025-07-26 16:43,2025-04-23 03:50,2026-02-25 17:43,派送中,张丽,994km,朝阳网点,朝阳网点,运费异常,低
WLYD6517681,深圳南山区,广州浦东新区,周娜,EMP_016,刘磊贸易公司,顺丰速运,服装,零担,1896kg,6.07m³,1242元,1999元,2025-11-16 10:53,2025-10-10 19:03,2025-11-16 10:53,2025-07-20 10:24,已签收,张强,1105km,南山网点,鼓楼网点,未及时签收,中
WLYD7141513,北京余杭区,深圳南山区,陈洋,EMP_066,刘芳贸易公司,顺丰速运,化工品,合同物流,1487kg,4.31m³,2487元,2316元,2025-05-12 18:14,2026-08-19 08:50,2025-05-12 18:14,2026-09-18 15:41,已退回,李丽,965km,朝阳网点,浦东网点,虚假签收,低
WLYD6886324,广州南山区,深圳南山区,杨磊,EMP_013,赵敏贸易公司,顺丰速运,电子产品,零担,1779kg,7.40m³,700元,2143元,2025-10-02 06:56,2025-07-11 11:15,2025-10-02 06:56,2026-08-06 21:32,派送中,陈静,467km,天河网点,鼓楼网点,货物损坏,高
WLYD5325668,北京余杭区,杭州朝阳区,赵洋,EMP_069,刘芳贸易公司,顺丰速运,食品,零担,2506kg,9.08m³,829元,950元,2025-10-24 18:17,2025-01-26 00:05,2025-10-24 18:17,2026-01-27 23:13,已退回,王敏,1266km,鼓楼网点,朝阳网点,包装破损,低
WLYD8464584,南京朝阳区,杭州鼓楼区,刘敏,EMP_064,吴敏贸易公司,顺丰速运,建材,整车,2982kg,1.71m³,4613元,4494元,2026-09-27 16:09,2026-04-04 08:14,2026-09-27 16:09,2026-08-27 14:13,已退回,张洋,1094km,浦东网点,鼓楼网点,包装破损,低
WLYD9179868,杭州天河区,杭州浦东新区,杨丽,EMP_080,周洋贸易公司,顺丰速运,食品,合同物流,2233kg,2.49m³,2095元,3153元,2025-02-24 22:55,2026-06-08 02:49,2025-02-24 22:55,2025-01-15 22:06,派送中,陈磊,1503km,余杭网点,南山网点,包装破损,高
WLYD9161373,广州朝阳区,深圳朝阳区,吴丽,EMP_053,李敏贸易公司,顺丰速运,电子产品,零担,2968kg,5.88m³,4182元,1749元,2026-01-08 12:20,2026-08-02 00:12,2026-01-08 12:20,2026-04-22 08:56,已签收,黄静,159km,浦东网点,朝阳网点,超时派送,中
WLYD5277178,深圳鼓楼区,深圳南山区,吴磊,EMP_033,李娜贸易公司,顺丰速运,食品,整车,3739kg,2.00m³,3964元,3802元,2026-06-21 22:09,2025-03-04 22:53,2026-06-21 22:09,2025-06-22 02:09,已退回,赵秀英,501km,天河网点,浦东网点,路线异常,高
WLYD4324103,南京鼓楼区,北京南山区,吴静,EMP_037,王芳贸易公司,顺丰速运,服装,整车,4441kg,7.97m³,369元,1463元,2025-01-20 03:12,2025-06-16 04:57,2025-01-20 03:12,2026-09-18 08:30,已退回,赵芳,777km,余杭网点,浦东网点,虚假签收,低
WLYD1023126,南京南山区,北京鼓楼区,张伟,EMP_037,周静贸易公司,顺丰速运,食品,零担,1956kg,2.64m³,1648元,2686元,2026-10-23 11:35,2026-02-22 18:43,2026-10-23 11:35,2026-06-15 16:50,派送中,王秀英,761km,天河网点,余杭网点,运费异常,高
WLYD6030344,上海鼓楼区,广州余杭区,李伟,EMP_025,李娜贸易公司,顺丰速运,服装,零担,4301kg,3.51m³,4803元,113元,2025-06-01 16:04,2026-09-16 19:39,2025-06-01 16:04,2026-03-17 03:38,派送中,陈静,783km,朝阳网点,朝阳网点,虚假签收,低
WLYD8657288,杭州余杭区,深圳南山区,李芳,EMP_059,张磊贸易公司,顺丰速运,建材,整车,1719kg,2.29m³,1729元,3930元,2025-10-22 07:13,2026-02-11 03:31,2025-10-22 07:13,2025-08-18 04:25,已退回,陈秀英,348km,天河网点,天河网点,运费异常,中
WLYD9481844,深圳余杭区,杭州天河区,刘磊,EMP_082,黄磊贸易公司,顺丰速运,服装,合同物流,1049kg,6.74m³,703元,2614元,2025-12-22 07:56,2025-11-06 00:57,2025-12-22 07:56,2026-09-25 12:55,已签收,周静,653km,天河网点,鼓楼网点,超时派送,低
WLYD2021710,上海余杭区,深圳南山区,刘丽,EMP_019,李丽贸易公司,顺丰速运,化工品,整车,3645kg,9.54m³,1023元,2941元,2025-09-16 10:05,2026-12-01 15:16,2025-09-16 10:05,2025-07-13 10:16,已签收,杨静,911km,鼓楼网点,朝阳网点,超时派送,中
WLYD4141547,南京朝阳区,杭州朝阳区,张磊,EMP_043,张丽贸易公司,顺丰速运,化工品,合同物流,2015kg,1.16m³,611元,3124元,2025-01-02 04:01,2025-03-22 05:30,2025-01-02 04:01,2026-06-05 23:07,已退回,刘丽,1380km,余杭网点,浦东网点,超时派送,高
WLYD7911183,南京天河区,北京浦东新区,周磊,EMP_091,周秀英贸易公司,顺丰速运,服装,合同物流,4245kg,3.51m³,4755元,3309元,2026-02-06 04:26,2026-04-14 03:58,2026-02-06 04:26,2025-07-20 18:01,已签收,张敏,249km,浦东网点,余杭网点,虚假签收,中
WLYD5066455,上海朝阳区,南京余杭区,张磊,EMP_092,刘秀英贸易公司,顺丰速运,食品,零担,1392kg,1.06m³,1900元,3560元,2026-02-12 08:28,2026-12-19 10:08,2026-02-12 08:28,2025-06-19 07:50,已签收,周敏,838km,南山网点,天河网点,虚假签收,中
WLYD9778981,上海天河区,南京余杭区,刘丽,EMP_035,刘芳贸易公司,顺丰速运,服装,合同物流,2959kg,6.45m³,1314元,173元,2025-06-27 16:49,2025-11-05 06:55,2025-06-27 16:49,2025-03-12 05:45,派送中,周娜,1229km,朝阳网点,南山网点,超时派送,低
WLYD2945789,广州浦东新区,上海浦东新区,赵强,EMP_049,刘秀英贸易公司,顺丰速运,建材,合同物流,3848kg,7.03m³,4879元,112元,2026-12-04 17:38,2026-03-17 08:46,2026-12-04 17:38,2025-11-11 19:03,已退回,周静,1415km,余杭网点,余杭网点,虚假签收,高
WLYD7898939,广州浦东新区,上海鼓楼区,赵娜,EMP_004,赵丽贸易公司,顺丰速运,化工品,整车,730kg,7.47m³,3701元,1179元,2025-05-19 23:51,2026-10-13 07:42,2025-05-19 23:51,2025-07-06 21:57,派送中,赵强,216km,鼓楼网点,浦东网点,包装破损,低
WLYD5351857,北京南山区,广州朝阳区,杨芳,EMP_050,吴娜贸易公司,顺丰速运,食品,整车,2962kg,8.83m³,3216元,2211元,2025-03-01 03:18,2025-08-09 18:55,2025-03-01 03:18,2025-03-10 06:09,已签收,张秀英,528km,鼓楼网点,鼓楼网点,包装破损,中
WLYD8791798,北京余杭区,南京鼓楼区,杨伟,EMP_023,王秀英贸易公司,顺丰速运,化工品,整车,4062kg,3.14m³,203元,1768元,2025-02-24 19:37,2025-03-05 15:51,2025-02-24 19:37,2025-08-13 21:03,派送中,周强,1889km,南山网点,鼓楼网点,货物损坏,低
WLYD4767639,广州鼓楼区,杭州南山区,王静,EMP_075,赵敏贸易公司,顺丰速运,化工品,零担,480kg,6.46m³,1150元,3533元,2025-06-07 13:37,2026-08-02 20:37,2025-06-07 13:37,2025-09-05 10:16,已签收,刘敏,1001km,浦东网点,朝阳网点,包装破损,低
WLYD8151663,深圳鼓楼区,南京鼓楼区,王芳,EMP_078,陈伟贸易公司,顺丰速运,电子产品,合同物流,759kg,1.34m³,3746元,1230元,2025-04-03 10:49,2026-09-28 23:56,2025-04-03 10:49,2025-06-06 14:39,派送中,刘丽,894km,天河网点,天河网点,未及时签收,中
WLYD6079952,北京鼓楼区,广州天河区,周丽,EMP_048,陈娜贸易公司,顺丰速运,服装,零担,2477kg,7.78m³,3962元,930元,2026-08-08 10:10,2025-07-17 02:45,2026-08-08 10:10,2026-08-08 12:45,已签收,赵伟,1993km,南山网点,浦东网点,超时派送,中
WLYD3343843,北京鼓楼区,广州南山区,李芳,EMP_061,周敏贸易公司,顺丰速运,食品,整车,2111kg,0.85m³,972元,4105元,2026-11-07 09:28,2025-05-16 08:15,2026-11-07 09:28,2026-09-05 18:06,派送中,杨娜,1281km,天河网点,鼓楼网点,未及时签收,中
WLYD6234454,广州鼓楼区,上海天河区,李洋,EMP_085,陈娜贸易公司,顺丰速运,食品,零担,4362kg,7.48m³,3422元,3773元,2025-10-28 20:33,2026-01-16 19:24,2025-10-28 20:33,2026-08-25 20:46,已签收,李芳,1201km,南山网点,天河网点,虚假签收,低
WLYD4990531,杭州余杭区,上海鼓楼区,陈伟,EMP_022,张敏贸易公司,顺丰速运,建材,零担,1023kg,5.58m³,195元,2158元,2026-11-21 21:51,2025-02-05 12:15,2026-11-21 21:51,2025-06-25 03:14,已签收,陈丽,679km,鼓楼网点,鼓楼网点,未及时签收,中
WLYD1417901,广州南山区,北京朝阳区,杨敏,EMP_026,周丽贸易公司,顺丰速运,建材,合同物流,4942kg,2.32m³,1953元,401元,2026-12-11 22:35,2025-04-03 05:05,2026-12-11 22:35,2025-08-21 19:40,派送中,杨强,1024km,南山网点,天河网点,货物损坏,高
WLYD7313344,上海南山区,深圳朝阳区,张丽,EMP_043,刘芳贸易公司,顺丰速运,食品,合同物流,3908kg,9.55m³,4365元,770元,2026-08-13 08:42,2026-04-08 02:09,2026-08-13 08:42,2026-08-13 10:08,派送中,黄磊,840km,朝阳网点,浦东网点,重量异常,中
WLYD2515701,南京天河区,南京鼓楼区,黄芳,EMP_050,赵娜贸易公司,顺丰速运,化工品,整车,1456kg,6.84m³,1075元,390元,2025-01-08 23:21,2026-10-19 13:08,2025-01-08 23:21,2026-02-03 09:51,已签收,陈娜,574km,浦东网点,鼓楼网点,货物损坏,低
WLYD3167678,广州浦东新区,北京余杭区,黄秀英,EMP_005,黄秀英贸易公司,顺丰速运,电子产品,整车,1273kg,6.11m³,3933元,4507元,2025-10-12 02:41,2025-10-02 21:31,2025-10-12 02:41,2025-03-18 12:30,已签收,周洋,737km,余杭网点,浦东网点,路线异常,低
WLYD2228332,上海余杭区,南京余杭区,王伟,EMP_004,王秀英贸易公司,顺丰速运,电子产品,合同物流,596kg,0.30m³,590元,1840元,2026-05-15 02:12,2025-11-07 21:31,2026-05-15 02:12,2025-05-04 01:23,已退回,王静,1289km,余杭网点,浦东网点,包装破损,中
WLYD3827991,上海天河区,深圳朝阳区,吴静,EMP_036,吴丽贸易公司,顺丰速运,化工品,合同物流,1659kg,8.61m³,3661元,1682元,2026-07-27 08:09,2025-12-07 01:17,2026-07-27 08:09,2025-01-21 02:48,已签收,陈芳,1357km,南山网点,南山网点,包装破损,高
WLYD9154870,深圳余杭区,广州南山区,陈丽,EMP_029,吴芳贸易公司,顺丰速运,建材,整车,4051kg,1.41m³,2962元,4080元,2025-01-06 00:28,2026-11-10 07:38,2025-01-06 00:28,2026-12-20 20:51,已签收,吴强,661km,浦东网点,天河网点,虚假签收,中
WLYD7667146,南京天河区,北京南山区,黄丽,EMP_028,陈伟贸易公司,顺丰速运,服装,合同物流,4649kg,9.96m³,4618元,3734元,2025-11-07 01:10,2026-05-15 17:41,2025-11-07 01:10,2025-05-03 05:59,已退回,陈芳,1717km,余杭网点,南山网点,超时派送,高
WLYD3125436,南京天河区,南京朝阳区,赵敏,EMP_061,黄磊贸易公司,顺丰速运,电子产品,整车,3006kg,6.75m³,1791元,2780元,2026-12-16 09:20,2026-09-13 11:44,2026-12-16 09:20,2026-08-04 19:16,派送中,李娜,803km,鼓楼网点,余杭网点,货物损坏,中
WLYD6294413,南京浦东新区,北京南山区,赵强,EMP_043,陈磊贸易公司,顺丰速运,电子产品,合同物流,3462kg,0.10m³,920元,3402元,2026-08-04 07:52,2026-11-20 03:57,2026-08-04 07:52,2026-07-03 00:45,已退回,陈丽,964km,鼓楼网点,朝阳网点,包装破损,中
WLYD5892020,深圳鼓楼区,南京朝阳区,赵静,EMP_071,赵秀英贸易公司,顺丰速运,服装,整车,532kg,1.98m³,333元,2988元,2026-05-21 14:56,2025-04-04 17:08,2026-05-21 14:56,2026-08-16 11:17,已退回,周丽,1308km,天河网点,南山网点,虚假签收,高
WLYD5387535,北京余杭区,上海天河区,黄磊,EMP_073,王静贸易公司,顺丰速运,食品,整车,2595kg,1.26m³,2114元,1431元,2025-05-16 14:52,2026-05-11 00:05,2025-05-16 14:52,2026-07-06 12:28,已退回,赵强,1998km,浦东网点,朝阳网点,未及时签收,高
WLYD2920900,北京朝阳区,北京余杭区,李芳,EMP_017,杨娜贸易公司,顺丰速运,化工品,合同物流,1635kg,1.70m³,1873元,2737元,2026-06-02 14:22,2026-03-16 23:12,2026-06-02 14:22,2026-07-11 22:46,已退回,杨伟,1481km,浦东网点,浦东网点,未及时签收,中
WLYD2480475,广州朝阳区,南京朝阳区,张伟,EMP_040,王静贸易公司,顺丰速运,电子产品,整车,776kg,4.72m³,4981元,1426元,2025-06-11 21:47,2026-12-05 20:48,2025-06-11 21:47,2026-03-06 13:55,已退回,黄洋,679km,余杭网点,南山网点,虚假签收,高
WLYD3140243,上海天河区,北京浦东新区,赵伟,EMP_014,王伟贸易公司,顺丰速运,服装,零担,336kg,6.12m³,1092元,483元,2026-08-22 23:32,2025-10-17 21:19,2026-08-22 23:32,2026-11-09 22:53,派送中,陈丽,763km,鼓楼网点,浦东网点,包装破损,高
WLYD2898349,南京朝阳区,广州南山区,李芳,EMP_025,赵丽贸易公司,顺丰速运,化工品,整车,2376kg,7.22m³,2002元,577元,2026-02-17 02:04,2026-02-06 00:53,2026-02-17 02:04,2026-03-14 03:03,派送中,赵伟,1607km,南山网点,鼓楼网点,超时派送,高
WLYD3560282,北京天河区,广州余杭区,吴秀英,EMP_051,周伟贸易公司,顺丰速运,食品,整车,1297kg,6.21m³,1942元,1736元,2026-11-27 15:45,2026-07-06 00:37,2026-11-27 15:45,2026-04-02 02:18,已退回,周静,1911km,鼓楼网点,天河网点,路线异常,高
WLYD4261876,广州天河区,杭州南山区,刘洋,EMP_038,刘丽贸易公司,顺丰速运,食品,合同物流,3751kg,6.48m³,3103元,3289元,2025-12-03 05:24,2026-01-22 04:38,2025-12-03 05:24,2026-12-07 17:30,已退回,李芳,1052km,朝阳网点,朝阳网点,运费异常,低
WLYD1607475,上海朝阳区,北京天河区,赵磊,EMP_009,吴娜贸易公司,顺丰速运,建材,整车,781kg,5.59m³,4910元,2712元,2026-02-23 23:46,2026-02-09 11:46,2026-02-23 23:46,2026-07-23 07:28,已签收,吴磊,1796km,鼓楼网点,天河网点,包装破损,中
WLYD1732955,南京南山区,广州南山区,杨娜,EMP_042,李秀英贸易公司,顺丰速运,建材,整车,1048kg,6.90m³,3917元,3946元,2026-12-19 00:15,2025-07-18 20:42,2026-12-19 00:15,2025-03-28 17:02,已签收,刘洋,1483km,余杭网点,朝阳网点,未及时签收,中
WLYD4830972,北京南山区,上海天河区,周洋,EMP_026,刘磊贸易公司,顺丰速运,电子产品,合同物流,2191kg,5.64m³,4843元,4470元,2026-11-05 10:19,2026-07-20 03:39,2026-11-05 10:19,2026-07-27 20:37,已退回,黄伟,382km,余杭网点,朝阳网点,路线异常,高
WLYD6958223,上海鼓楼区,广州天河区,张丽,EMP_034,黄敏贸易公司,顺丰速运,服装,整车,1114kg,2.82m³,3891元,1277元,2025-06-27 23:49,2025-05-08 05:08,2025-06-27 23:49,2026-04-22 07:04,已签收,吴伟,176km,浦东网点,南山网点,包装破损,中
WLYD5373274,广州天河区,南京余杭区,黄芳,EMP_077,陈磊贸易公司,顺丰速运,建材,零担,4953kg,2.85m³,4709元,1665元,2025-01-24 18:10,2026-05-15 15:09,2025-01-24 18:10,2026-08-20 22:04,已签收,周洋,57km,朝阳网点,南山网点,重量异常,中
WLYD2483182,上海南山区,广州浦东新区,黄磊,EMP_044,刘秀英贸易公司,顺丰速运,建材,零担,3936kg,1.06m³,1357元,1641元,2026-05-15 03:15,2025-09-12 09:56,2026-05-15 03:15,2025-01-26 10:36,派送中,陈秀英,1771km,天河网点,浦东网点,重量异常,中
WLYD9338193,南京浦东新区,上海南山区,黄磊,EMP_088,李娜贸易公司,顺丰速运,化工品,整车,1454kg,3.46m³,1087元,4441元,2026-01-08 11:48,2026-01-22 07:06,2026-01-08 11:48,2026-05-15 02:02,派送中,刘敏,1479km,鼓楼网点,鼓楼网点,重量异常,高
WLYD6965995,深圳余杭区,北京鼓楼区,刘强,EMP_017,王敏贸易公司,顺丰速运,化工品,零担,2976kg,4.44m³,1495元,2112元,2025-05-26 08:16,2025-03-21 11:42,2025-05-26 08:16,2025-06-28 01:06,派送中,张伟,1278km,天河网点,天河网点,包装破损,高
WLYD1236933,北京南山区,广州鼓楼区,张敏,EMP_028,王敏贸易公司,顺丰速运,食品,零担,2279kg,4.78m³,386元,1133元,2025-11-27 02:32,2025-10-16 13:15,2025-11-27 02:32,2025-06-18 19:59,派送中,周静,139km,余杭网点,余杭网点,虚假签收,高
WLYD3515642,深圳朝阳区,上海南山区,吴洋,EMP_017,周敏贸易公司,顺丰速运,服装,整车,3218kg,8.73m³,4202元,4614元,2026-10-02 21:42,2026-11-21 09:35,2026-10-02 21:42,2025-06-25 01:22,已退回,张静,1258km,南山网点,朝阳网点,虚假签收,高
WLYD7677782,上海浦东新区,杭州天河区,周伟,EMP_054,李秀英贸易公司,顺丰速运,食品,整车,1792kg,5.00m³,2597元,2326元,2026-09-11 04:11,2025-10-23 22:01,2026-09-11 04:11,2026-02-12 18:25,已退回,黄静,1149km,南山网点,浦东网点,运费异常,高
WLYD6970136,杭州朝阳区,深圳朝阳区,陈秀英,EMP_083,赵敏贸易公司,顺丰速运,电子产品,整车,347kg,1.13m³,198元,2512元,2025-03-23 03:38,2026-10-24 00:19,2025-03-23 03:38,2026-05-06 17:26,已签收,周敏,220km,天河网点,鼓楼网点,虚假签收,中
WLYD4986113,北京鼓楼区,上海南山区,赵强,EMP_047,周强贸易公司,顺丰速运,建材,零担,2225kg,3.04m³,848元,562元,2026-01-25 21:21,2026-07-18 01:24,2026-01-25 21:21,2025-09-16 15:16,已签收,黄强,521km,浦东网点,南山网点,包装破损,中
WLYD8254362,北京朝阳区,广州浦东新区,李秀英,EMP_089,陈娜贸易公司,顺丰速运,化工品,合同物流,2061kg,5.19m³,3516元,4555元,2026-11-14 13:48,2026-03-02 14:45,2026-11-14 13:48,2025-04-24 02:53,派送中,黄洋,558km,鼓楼网点,浦东网点,超时派送,低
WLYD6867764,上海天河区,上海鼓楼区,李芳,EMP_064,黄敏贸易公司,顺丰速运,电子产品,零担,2548kg,7.85m³,2982元,4140元,2026-01-05 09:28,2025-02-01 12:26,2026-01-05 09:28,2026-06-02 13:16,已签收,陈洋,218km,南山网点,天河网点,运费异常,低
WLYD2478562,杭州天河区,北京鼓楼区,刘洋,EMP_031,赵洋贸易公司,顺丰速运,服装,整车,1243kg,8.42m³,936元,1211元,2025-12-08 07:59,2026-09-20 05:47,2025-12-08 07:59,2026-05-25 04:54,已签收,张敏,977km,南山网点,南山网点,路线异常,高
WLYD6468143,北京余杭区,深圳朝阳区,陈敏,EMP_056,刘洋贸易公司,顺丰速运,服装,整车,126kg,7.10m³,1982元,3090元,2026-11-12 17:51,2025-02-25 21:16,2026-11-12 17:51,2025-09-04 06:55,已退回,赵丽,1282km,鼓楼网点,余杭网点,重量异常,低
WLYD1083972,广州鼓楼区,杭州余杭区,李伟,EMP_077,赵秀英贸易公司,顺丰速运,电子产品,零担,295kg,2.80m³,3407元,257元,2026-10-15 23:26,2025-12-17 14:08,2026-10-15 23:26,2025-02-23 11:55,派送中,张芳,64km,南山网点,朝阳网点,虚假签收,低
WLYD2533175,上海浦东新区,广州浦东新区,吴芳,EMP_063,李静贸易公司,顺丰速运,服装,合同物流,167kg,9.59m³,3776元,1226元,2025-01-13 20:57,2026-12-06 07:46,2025-01-13 20:57,2026-09-21 02:11,派送中,杨静,1619km,浦东网点,余杭网点,路线异常,高
WLYD4417822,南京天河区,南京浦东新区,杨丽,EMP_091,杨敏贸易公司,顺丰速运,化工品,合同物流,4144kg,1.26m³,1960元,2390元,2026-01-08 20:26,2026-06-19 11:18,2026-01-08 20:26,2026-02-05 22:58,已签收,刘敏,1137km,浦东网点,天河网点,包装破损,高
WLYD3275140,南京浦东新区,北京浦东新区,吴强,EMP_014,赵洋贸易公司,顺丰速运,化工品,零担,289kg,0.10m³,131元,2130元,2025-09-04 03:21,2026-01-28 17:29,2025-09-04 03:21,2026-02-12 16:26,已退回,李娜,1786km,浦东网点,朝阳网点,虚假签收,低
WLYD3353878,深圳南山区,广州南山区,黄洋,EMP_008,杨磊贸易公司,顺丰速运,服装,零担,4105kg,6.09m³,2358元,2489元,2025-07-05 15:59,2026-08-23 02:24,2025-07-05 15:59,2025-02-21 16:43,已签收,刘娜,1074km,天河网点,浦东网点,超时派送,低
WLYD5288436,南京余杭区,杭州南山区,张洋,EMP_001,张伟贸易公司,顺丰速运,食品,合同物流,2436kg,7.52m³,4263元,540元,2026-04-12 15:55,2026-05-28 02:31,2026-04-12 15:55,2025-12-08 09:00,派送中,黄静,403km,朝阳网点,余杭网点,路线异常,低
WLYD3289892,南京天河区,深圳浦东新区,赵丽,EMP_032,陈静贸易公司,顺丰速运,建材,零担,858kg,4.23m³,4460元,2223元,2025-11-03 18:52,2025-10-17 21:38,2025-11-03 18:52,2025-06-07 02:12,派送中,赵静,722km,南山网点,鼓楼网点,未及时签收,高
WLYD7212949,南京朝阳区,北京南山区,赵静,EMP_057,李秀英贸易公司,顺丰速运,建材,整车,3905kg,5.10m³,3054元,1276元,2026-10-24 00:40,2025-03-24 21:09,2026-10-24 00:40,2026-11-23 20:58,已退回,刘娜,1713km,朝阳网点,南山网点,未及时签收,高
WLYD4530666,广州余杭区,杭州南山区,李强,EMP_067,黄静贸易公司,顺丰速运,建材,整车,2620kg,5.20m³,3726元,1905元,2025-07-21 14:42,2026-10-09 12:43,2025-07-21 14:42,2025-06-14 16:39,派送中,吴芳,1101km,浦东网点,南山网点,路线异常,中
WLYD3201559,广州朝阳区,深圳鼓楼区,李秀英,EMP_055,陈强贸易公司,顺丰速运,服装,零担,4630kg,4.66m³,3783元,2273元,2026-02-08 10:51,2026-10-17 22:51,2026-02-08 10:51,2025-12-03 13:22,派送中,黄娜,1247km,南山网点,天河网点,未及时签收,中
WLYD5400467,深圳浦东新区,深圳浦东新区,吴洋,EMP_090,赵强贸易公司,顺丰速运,服装,零担,3561kg,7.87m³,2119元,845元,2025-06-11 19:21,2026-03-02 02:36,2025-06-11 19:21,2025-02-12 18:10,已退回,赵敏,875km,天河网点,天河网点,重量异常,高
WLYD9937955,深圳余杭区,广州浦东新区,黄伟,EMP_020,刘洋贸易公司,顺丰速运,化工品,零担,1844kg,4.71m³,4518元,4127元,2025-11-14 04:05,2025-04-23 01:15,2025-11-14 04:05,2026-10-11 11:00,已退回,陈敏,1659km,天河网点,鼓楼网点,虚假签收,中
WLYD4670975,北京朝阳区,深圳余杭区,周伟,EMP_058,周敏贸易公司,顺丰速运,服装,整车,324kg,6.97m³,3439元,2734元,2026-02-01 13:30,2026-10-20 18:37,2026-02-01 13:30,2025-02-23 22:04,已签收,王丽,1779km,鼓楼网点,余杭网点,虚假签收,高
WLYD6315361,广州南山区,广州鼓楼区,吴丽,EMP_007,吴洋贸易公司,顺丰速运,化工品,整车,2136kg,5.91m³,204元,3909元,2026-12-09 18:32,2025-04-24 18:26,2026-12-09 18:32,2025-04-17 14:34,已签收,刘磊,160km,朝阳网点,余杭网点,路线异常,高
WLYD1565826,杭州浦东新区,南京南山区,张丽,EMP_033,陈敏贸易公司,顺丰速运,服装,零担,4015kg,5.24m³,1624元,2419元,2026-01-27 09:49,2025-06-05 21:07,2026-01-27 09:49,2026-06-08 09:37,已退回,刘丽,844km,余杭网点,朝阳网点,运费异常,低
WLYD3222745,深圳朝阳区,广州余杭区,赵秀英,EMP_014,王洋贸易公司,顺丰速运,食品,整车,2627kg,1.93m³,4812元,3721元,2026-09-19 00:13,2025-10-02 11:07,2026-09-19 00:13,2026-11-11 12:51,派送中,刘芳,841km,浦东网点,天河网点,路线异常,高
WLYD8919680,上海天河区,北京浦东新区,黄秀英,EMP_016,周娜贸易公司,顺丰速运,化工品,合同物流,1318kg,7.59m³,684元,260元,2025-08-04 05:48,2025-05-01 20:34,2025-08-04 05:48,2026-12-13 19:36,派送中,王洋,939km,余杭网点,朝阳网点,重量异常,高
WLYD9129312,杭州浦东新区,广州朝阳区,吴娜,EMP_051,杨静贸易公司,顺丰速运,食品,整车,306kg,7.15m³,2411元,1301元,2025-06-20 08:08,2025-11-01 11:22,2025-06-20 08:08,2026-03-04 08:55,已退回,陈静,929km,浦东网点,南山网点,重量异常,高
WLYD1884274,上海浦东新区,广州余杭区,周磊,EMP_008,赵洋贸易公司,顺丰速运,服装,合同物流,2052kg,2.71m³,1332元,3501元,2026-05-28 07:36,2026-05-17 00:40,2026-05-28 07:36,2026-12-10 01:00,已签收,杨敏,400km,南山网点,余杭网点,重量异常,高
WLYD9175946,上海南山区,深圳天河区,黄洋,EMP_079,王敏贸易公司,顺丰速运,建材,零担,829kg,7.33m³,1626元,156元,2026-01-14 08:37,2025-02-28 04:35,2026-01-14 08:37,2025-12-18 02:32,已退回,赵强,1722km,余杭网点,天河网点,包装破损,中
WLYD6350827,广州朝阳区,杭州朝阳区,刘芳,EMP_056,陈芳贸易公司,顺丰速运,化工品,合同物流,4069kg,3.59m³,3870元,2752元,2025-02-24 20:43,2025-03-18 15:05,2025-02-24 20:43,2026-03-27 23:09,派送中,周敏,399km,天河网点,余杭网点,超时派送,低
WLYD1480944,南京南山区,北京天河区,刘磊,EMP_085,李静贸易公司,顺丰速运,服装,合同物流,1578kg,5.93m³,1703元,1623元,2025-08-07 11:14,2025-07-09 21:54,2025-08-07 11:14,2026-07-12 18:32,已签收,周秀英,1484km,鼓楼网点,朝阳网点,运费异常,中
WLYD2666916,广州南山区,深圳余杭区,赵丽,EMP_047,黄娜贸易公司,顺丰速运,建材,零担,4302kg,3.02m³,4471元,4779元,2025-12-17 09:10,2026-11-11 13:44,2025-12-17 09:10,2025-03-10 19:51,派送中,杨丽,1908km,朝阳网点,鼓楼网点,重量异常,高
WLYD3838572,北京余杭区,深圳南山区,周芳,EMP_042,周秀英贸易公司,顺丰速运,服装,整车,3961kg,3.99m³,4687元,4749元,2026-03-04 16:01,2025-06-24 01:55,2026-03-04 16:01,2026-02-17 11:41,已签收,陈秀英,205km,鼓楼网点,鼓楼网点,运费异常,高
WLYD1883486,广州南山区,上海天河区,吴伟,EMP_081,黄敏贸易公司,顺丰速运,化工品,合同物流,4698kg,5.33m³,1492元,318元,2025-09-24 08:10,2026-04-12 18:21,2025-09-24 08:10,2026-04-27 10:40,已退回,王静,209km,天河网点,浦东网点,路线异常,高
WLYD7387299,深圳天河区,广州余杭区,杨芳,EMP_087,陈芳贸易公司,顺丰速运,电子产品,合同物流,447kg,6.18m³,682元,3993元,2025-02-10 15:29,2025-09-15 19:06,2025-02-10 15:29,2026-10-07 17:51,派送中,黄娜,559km,南山网点,鼓楼网点,路线异常,低
WLYD3939288,北京天河区,南京朝阳区,杨娜,EMP_100,陈敏贸易公司,顺丰速运,化工品,合同物流,1166kg,1.64m³,2496元,1443元,2026-05-24 22:41,2025-08-21 21:16,2026-05-24 22:41,2026-03-07 05:26,已签收,杨洋,908km,余杭网点,鼓楼网点,包装破损,中
WLYD9172396,上海天河区,北京南山区,周伟,EMP_068,张洋贸易公司,顺丰速运,化工品,零担,1613kg,5.40m³,3982元,4216元,2025-02-19 18:08,2025-11-16 22:49,2025-02-19 18:08,2025-01-06 23:36,已签收,黄磊,1870km,南山网点,南山网点,运费异常,中
WLYD8402004,上海朝阳区,南京南山区,张伟,EMP_060,黄磊贸易公司,顺丰速运,化工品,整车,3288kg,0.94m³,3072元,3928元,2026-07-07 12:00,2025-09-27 20:48,2026-07-07 12:00,2025-02-14 01:20,派送中,刘伟,547km,朝阳网点,鼓楼网点,重量异常,低
WLYD7701900,深圳朝阳区,广州天河区,刘娜,EMP_088,李芳贸易公司,顺丰速运,服装,整车,707kg,5.38m³,3706元,1678元,2026-10-15 19:51,2025-06-02 11:00,2026-10-15 19:51,2026-06-26 14:44,已退回,杨娜,647km,鼓楼网点,浦东网点,超时派送,高
WLYD4026024,北京天河区,南京天河区,李秀英,EMP_051,陈洋贸易公司,顺丰速运,化工品,整车,1282kg,2.37m³,4381元,2237元,2025-01-22 04:41,2025-07-24 06:52,2025-01-22 04:41,2026-10-06 16:35,已退回,黄丽,1505km,朝阳网点,浦东网点,未及时签收,低
WLYD1308647,广州南山区,杭州天河区,张娜,EMP_061,周静贸易公司,顺丰速运,建材,整车,1679kg,8.67m³,4202元,228元,2025-08-16 04:24,2025-10-16 06:47,2025-08-16 04:24,2026-09-20 16:41,已签收,李敏,1696km,余杭网点,南山网点,货物损坏,低
WLYD6150165,北京天河区,南京天河区,陈磊,EMP_069,吴伟贸易公司,顺丰速运,建材,整车,395kg,7.69m³,2473元,687元,2026-08-19 05:20,2025-08-16 15:50,2026-08-19 05:20,2026-09-18 08:12,派送中,周丽,1532km,南山网点,南山网点,包装破损,高
WLYD7077432,深圳天河区,上海朝阳区,陈敏,EMP_044,陈娜贸易公司,顺丰速运,建材,合同物流,4364kg,7.02m³,1151元,2763元,2026-03-04 23:18,2025-01-06 00:24,2026-03-04 23:18,2026-03-12 00:28,派送中,周强,1922km,天河网点,朝阳网点,运费异常,中
WLYD7885966,南京鼓楼区,杭州朝阳区,杨静,EMP_040,周静贸易公司,顺丰速运,服装,合同物流,1929kg,5.06m³,4150元,589元,2025-03-08 23:15,2025-10-22 18:48,2025-03-08 23:15,2026-05-22 15:57,已退回,赵磊,967km,鼓楼网点,浦东网点,重量异常,低
WLYD6504112,北京鼓楼区,杭州余杭区,张丽,EMP_090,赵伟贸易公司,顺丰速运,服装,整车,1937kg,4.50m³,3303元,607元,2025-05-27 12:25,2025-08-01 08:54,2025-05-27 12:25,2025-04-08 01:07,派送中,王伟,628km,朝阳网点,南山网点,路线异常,高
WLYD7356072,广州朝阳区,深圳天河区,赵磊,EMP_079,王磊贸易公司,顺丰速运,食品,零担,4808kg,6.59m³,2529元,3892元,2025-09-08 08:52,2025-06-16 20:14,2025-09-08 08:52,2025-03-05 10:29,已签收,周敏,599km,浦东网点,鼓楼网点,重量异常,中
WLYD4848256,广州天河区,上海朝阳区,李芳,EMP_076,王娜贸易公司,顺丰速运,建材,合同物流,1528kg,6.55m³,4356元,1672元,2025-01-28 00:14,2025-07-09 18:08,2025-01-28 00:14,2025-07-04 21:22,已签收,王磊,838km,浦东网点,天河网点,虚假签收,高
WLYD2985376,广州天河区,上海鼓楼区,刘芳,EMP_037,吴娜贸易公司,顺丰速运,化工品,整车,323kg,4.76m³,1757元,4680元,2026-11-24 08:30,2026-11-08 19:13,2026-11-24 08:30,2026-03-28 04:15,已退回,李娜,1621km,南山网点,南山网点,运费异常,高
WLYD2322707,深圳南山区,北京朝阳区,张敏,EMP_050,杨强贸易公司,顺丰速运,食品,整车,1356kg,7.61m³,488元,803元,2026-08-26 19:21,2025-07-02 01:38,2026-08-26 19:21,2026-10-27 21:33,已签收,周静,962km,天河网点,余杭网点,重量异常,中
WLYD5307401,南京朝阳区,南京天河区,周伟,EMP_081,王伟贸易公司,顺丰速运,服装,整车,2267kg,2.18m³,3400元,3420元,2025-02-15 00:37,2025-09-13 15:31,2025-02-15 00:37,2025-06-10 07:57,派送中,李静,1062km,浦东网点,天河网点,未及时签收,中
WLYD8793421,北京余杭区,南京南山区,杨静,EMP_047,张芳贸易公司,顺丰速运,服装,合同物流,1149kg,1.58m³,4769元,4067元,2025-11-17 20:27,2026-04-28 16:21,2025-11-17 20:27,2026-12-18 13:40,已退回,周秀英,932km,南山网点,浦东网点,包装破损,高
WLYD4310566,广州天河区,上海余杭区,杨静,EMP_081,周秀英贸易公司,顺丰速运,食品,合同物流,2157kg,0.45m³,210元,4640元,2026-08-08 02:40,2025-02-02 16:22,2026-08-08 02:40,2026-11-08 15:15,已签收,李磊,197km,鼓楼网点,南山网点,包装破损,中
WLYD9122304,广州南山区,广州南山区,杨敏,EMP_056,赵芳贸易公司,顺丰速运,建材,整车,27kg,5.00m³,2340元,3555元,2025-05-23 20:33,2025-11-13 02:42,2025-05-23 20:33,2025-06-15 05:23,派送中,刘芳,551km,朝阳网点,余杭网点,包装破损,高
WLYD9279563,南京余杭区,杭州鼓楼区,周伟,EMP_034,杨静贸易公司,顺丰速运,电子产品,零担,320kg,2.14m³,542元,1832元,2026-01-15 10:47,2026-08-28 03:28,2026-01-15 10:47,2026-06-06 15:12,已退回,杨芳,1737km,鼓楼网点,浦东网点,未及时签收,高
WLYD7360100,杭州朝阳区,杭州南山区,李磊,EMP_095,张秀英贸易公司,顺丰速运,食品,合同物流,3659kg,9.18m³,1451元,3985元,2025-02-11 08:32,2026-10-06 21:52,2025-02-11 08:32,2026-12-25 22:32,已签收,杨洋,944km,南山网点,南山网点,货物损坏,高
WLYD2844065,南京余杭区,北京余杭区,陈强,EMP_094,黄强贸易公司,顺丰速运,服装,合同物流,4218kg,4.57m³,344元,636元,2025-05-04 21:38,2025-04-27 10:28,2025-05-04 21:38,2026-04-07 21:52,派送中,周静,1883km,余杭网点,南山网点,重量异常,中
WLYD7681515,上海余杭区,上海南山区,陈敏,EMP_087,杨伟贸易公司,顺丰速运,电子产品,合同物流,1996kg,0.79m³,1819元,2446元,2026-11-03 09:36,2025-02-24 12:36,2026-11-03 09:36,2025-05-17 04:14,派送中,赵磊,70km,余杭网点,南山网点,运费异常,低
WLYD9989687,杭州朝阳区,广州鼓楼区,吴静,EMP_030,黄敏贸易公司,顺丰速运,化工品,合同物流,4335kg,2.50m³,3440元,3727元,2026-08-12 22:19,2026-06-09 12:14,2026-08-12 22:19,2025-08-05 06:25,已退回,王娜,915km,南山网点,朝阳网点,路线异常,中
WLYD6237420,广州南山区,深圳浦东新区,周磊,EMP_011,吴洋贸易公司,顺丰速运,服装,合同物流,2333kg,2.10m³,4183元,3442元,2025-01-12 14:26,2025-09-23 05:43,2025-01-12 14:26,2026-02-17 22:54,派送中,张秀英,1154km,鼓楼网点,余杭网点,重量异常,中
WLYD3601388,深圳鼓楼区,广州南山区,杨敏,EMP_057,张敏贸易公司,顺丰速运,建材,零担,4832kg,5.07m³,2590元,3361元,2025-06-13 16:01,2025-06-02 14:38,2025-06-13 16:01,2026-12-22 09:53,派送中,吴静,493km,朝阳网点,鼓楼网点,运费异常,高
WLYD4503931,南京天河区,上海鼓楼区,黄芳,EMP_027,周静贸易公司,顺丰速运,化工品,整车,4481kg,8.15m³,4679元,174元,2026-10-03 17:46,2025-09-10 22:42,2026-10-03 17:46,2025-10-21 09:18,派送中,周丽,575km,天河网点,鼓楼网点,运费异常,高
WLYD7400798,北京天河区,杭州鼓楼区,李娜,EMP_005,李丽贸易公司,顺丰速运,建材,合同物流,2753kg,3.19m³,4717元,1875元,2025-04-17 22:58,2025-08-05 08:07,2025-04-17 22:58,2025-06-27 11:14,已签收,周静,1015km,浦东网点,余杭网点,路线异常,中
WLYD3172408,广州南山区,广州鼓楼区,陈芳,EMP_049,李伟贸易公司,顺丰速运,建材,零担,1697kg,3.11m³,3650元,4207元,2026-08-22 22:08,2026-07-06 03:29,2026-08-22 22:08,2025-07-12 03:47,已退回,刘秀英,919km,余杭网点,鼓楼网点,超时派送,高
WLYD6242386,广州朝阳区,南京余杭区,陈伟,EMP_066,黄芳贸易公司,顺丰速运,化工品,合同物流,4851kg,8.65m³,1323元,4091元,2026-10-16 08:00,2025-06-11 20:47,2026-10-16 08:00,2026-06-06 23:48,已退回,刘芳,818km,天河网点,余杭网点,虚假签收,高
WLYD3405755,上海鼓楼区,深圳余杭区,黄娜,EMP_056,张强贸易公司,顺丰速运,化工品,合同物流,3020kg,6.37m³,291元,3256元,2025-05-03 19:39,2026-11-05 08:12,2025-05-03 19:39,2025-07-21 19:22,已签收,陈娜,190km,朝阳网点,鼓楼网点,货物损坏,低
WLYD9568408,杭州余杭区,深圳朝阳区,张洋,EMP_050,周丽贸易公司,顺丰速运,化工品,零担,1064kg,7.93m³,3502元,3430元,2026-04-02 05:43,2025-11-06 16:58,2026-04-02 05:43,2026-06-06 09:57,已签收,张秀英,950km,鼓楼网点,余杭网点,包装破损,高
WLYD4418563,南京天河区,广州天河区,周洋,EMP_042,陈洋贸易公司,顺丰速运,化工品,零担,3421kg,0.98m³,369元,2468元,2025-06-13 17:11,2026-09-25 07:51,2025-06-13 17:11,2025-02-27 18:45,已签收,李强,1234km,浦东网点,鼓楼网点,包装破损,低
WLYD8364049,广州鼓楼区,南京天河区,李秀英,EMP_097,陈芳贸易公司,顺丰速运,服装,合同物流,1549kg,5.22m³,3833元,339元,2026-02-01 00:30,2026-01-26 00:17,2026-02-01 00:30,2025-11-24 12:02,派送中,刘芳,1764km,朝阳网点,天河网点,货物损坏,中
WLYD7924613,上海余杭区,南京南山区,吴芳,EMP_012,李洋贸易公司,顺丰速运,建材,整车,3105kg,5.98m³,1695元,2335元,2026-06-11 11:46,2026-08-19 04:23,2026-06-11 11:46,2026-12-11 23:09,已退回,杨伟,580km,浦东网点,南山网点,路线异常,中
WLYD1252219,上海浦东新区,杭州鼓楼区,张强,EMP_078,周丽贸易公司,顺丰速运,电子产品,整车,4593kg,0.99m³,3920元,2985元,2025-12-26 02:47,2025-02-12 22:27,2025-12-26 02:47,2026-06-26 15:35,已签收,周丽,1657km,浦东网点,鼓楼网点,重量异常,低
WLYD9027375,杭州余杭区,深圳南山区,周敏,EMP_047,李洋贸易公司,顺丰速运,电子产品,零担,4429kg,2.58m³,1572元,811元,2026-08-27 09:17,2025-11-06 14:51,2026-08-27 09:17,2025-04-28 03:54,已退回,王强,1743km,余杭网点,天河网点,重量异常,中
WLYD6524648,北京朝阳区,上海余杭区,赵强,EMP_025,李秀英贸易公司,顺丰速运,服装,零担,1108kg,4.91m³,4253元,1879元,2025-02-20 23:38,2025-04-10 10:23,2025-02-20 23:38,2026-06-08 10:06,派送中,黄伟,1032km,朝阳网点,天河网点,未及时签收,高
WLYD7275258,杭州余杭区,上海余杭区,赵娜,EMP_094,李敏贸易公司,顺丰速运,电子产品,合同物流,2721kg,9.74m³,2537元,2393元,2026-11-09 01:35,2026-09-10 13:55,2026-11-09 01:35,2025-08-19 23:44,派送中,吴静,473km,余杭网点,余杭网点,路线异常,中
WLYD7497189,深圳鼓楼区,广州南山区,杨伟,EMP_086,周娜贸易公司,顺丰速运,电子产品,合同物流,2641kg,7.07m³,2188元,740元,2025-02-16 18:30,2025-05-11 01:32,2025-02-16 18:30,2025-03-01 12:35,已签收,刘洋,205km,南山网点,余杭网点,超时派送,高
WLYD3122411,深圳朝阳区,上海鼓楼区,张丽,EMP_041,陈强贸易公司,顺丰速运,食品,合同物流,4542kg,1.76m³,892元,4124元,2025-08-27 02:02,2025-03-23 03:23,2025-08-27 02:02,2026-08-14 17:41,已退回,陈洋,1034km,天河网点,朝阳网点,货物损坏,中
WLYD6261246,北京天河区,上海鼓楼区,李娜,EMP_091,刘芳贸易公司,顺丰速运,服装,合同物流,3367kg,3.24m³,2907元,873元,2026-04-21 12:02,2026-10-09 22:46,2026-04-21 12:02,2025-06-12 20:05,已退回,杨秀英,1374km,朝阳网点,朝阳网点,货物损坏,中
WLYD5531789,广州朝阳区,杭州朝阳区,李磊,EMP_034,黄磊贸易公司,顺丰速运,服装,零担,1665kg,3.33m³,4949元,4382元,2025-03-03 03:53,2025-11-17 02:30,2025-03-03 03:53,2026-11-14 09:10,已签收,黄伟,1647km,南山网点,南山网点,运费异常,低
WLYD5585329,广州鼓楼区,广州余杭区,刘秀英,EMP_054,王敏贸易公司,顺丰速运,食品,整车,1293kg,1.40m³,4571元,1266元,2026-10-16 08:11,2025-11-02 19:46,2026-10-16 08:11,2026-02-07 23:49,已签收,赵洋,885km,南山网点,南山网点,运费异常,中
WLYD8540925,广州余杭区,广州鼓楼区,陈磊,EMP_040,杨秀英贸易公司,顺丰速运,建材,零担,4260kg,1.36m³,3042元,881元,2025-10-02 04:11,2026-03-25 17:44,2025-10-02 04:11,2025-07-25 07:28,已签收,李秀英,1308km,天河网点,鼓楼网点,超时派送,高
WLYD9285526,北京南山区,上海余杭区,张静,EMP_098,赵洋贸易公司,顺丰速运,化工品,合同物流,2376kg,0.04m³,2254元,3680元,2025-07-18 17:29,2025-05-26 04:04,2025-07-18 17:29,2026-06-06 10:52,已签收,赵秀英,1611km,朝阳网点,南山网点,重量异常,中
WLYD1435125,杭州天河区,上海南山区,吴静,EMP_046,黄洋贸易公司,顺丰速运,食品,整车,1583kg,4.02m³,3869元,4175元,2025-02-20 07:53,2025-12-20 05:26,2025-02-20 07:53,2025-10-23 18:56,已签收,吴强,1669km,余杭网点,鼓楼网点,超时派送,高
WLYD6596401,广州天河区,杭州余杭区,王磊,EMP_099,张丽贸易公司,顺丰速运,食品,合同物流,4638kg,5.91m³,184元,765元,2025-05-05 15:41,2026-02-11 09:13,2025-05-05 15:41,2026-02-02 08:05,派送中,刘磊,473km,浦东网点,天河网点,路线异常,高
WLYD2029192,北京浦东新区,上海南山区,黄娜,EMP_075,周娜贸易公司,顺丰速运,建材,合同物流,1901kg,9.53m³,1431元,3534元,2026-05-23 11:48,2026-02-27 17:32,2026-05-23 11:48,2025-12-20 05:06,已退回,刘静,828km,余杭网点,余杭网点,运费异常,中
WLYD6161745,杭州浦东新区,上海余杭区,赵洋,EMP_024,杨静贸易公司,顺丰速运,化工品,整车,2713kg,1.83m³,2920元,415元,2025-02-24 07:26,2026-09-13 03:24,2025-02-24 07:26,2025-10-23 06:31,已签收,刘娜,239km,朝阳网点,朝阳网点,重量异常,高
WLYD7506056,深圳鼓楼区,上海朝阳区,周强,EMP_058,周磊贸易公司,顺丰速运,食品,整车,213kg,3.58m³,178元,683元,2026-05-07 18:33,2025-07-06 06:01,2026-05-07 18:33,2026-09-11 23:13,已退回,张静,1915km,南山网点,朝阳网点,虚假签收,高
WLYD1353927,广州余杭区,南京鼓楼区,王娜,EMP_075,王磊贸易公司,顺丰速运,化工品,整车,723kg,2.08m³,4175元,3513元,2025-01-10 23:17,2025-02-17 03:11,2025-01-10 23:17,2026-06-26 14:02,派送中,李芳,1074km,天河网点,朝阳网点,虚假签收,高
WLYD2629227,北京浦东新区,上海浦东新区,赵强,EMP_009,刘静贸易公司,顺丰速运,服装,零担,2823kg,5.68m³,3378元,1428元,2026-04-15 23:45,2025-08-26 06:03,2026-04-15 23:45,2026-11-06 03:10,派送中,周敏,1486km,鼓楼网点,南山网点,重量异常,高
WLYD5108970,广州浦东新区,北京天河区,吴静,EMP_080,周洋贸易公司,顺丰速运,建材,零担,4828kg,1.01m³,4801元,4603元,2026-09-03 17:38,2026-03-18 01:30,2026-09-03 17:38,2025-10-22 04:16,派送中,陈伟,1014km,鼓楼网点,朝阳网点,包装破损,中
WLYD1106210,北京南山区,广州朝阳区,李秀英,EMP_076,黄强贸易公司,顺丰速运,建材,零担,3507kg,6.77m³,463元,3789元,2025-10-05 05:25,2025-04-13 11:59,2025-10-05 05:25,2025-12-21 11:02,已签收,陈强,605km,浦东网点,鼓楼网点,超时派送,低
WLYD6163754,南京天河区,南京浦东新区,刘娜,EMP_059,周敏贸易公司,顺丰速运,化工品,零担,2251kg,9.99m³,1842元,4520元,2026-04-19 17:04,2026-02-04 04:18,2026-04-19 17:04,2025-10-02 01:51,已退回,李洋,1033km,天河网点,浦东网点,超时派送,中
WLYD8490854,南京鼓楼区,杭州余杭区,吴磊,EMP_012,王秀英贸易公司,顺丰速运,建材,整车,4983kg,1.77m³,3941元,2680元,2025-05-23 13:50,2025-02-16 16:03,2025-05-23 13:50,2026-01-03 18:28,已退回,李芳,1004km,浦东网点,天河网点,超时派送,中
WLYD4318603,杭州浦东新区,广州浦东新区,赵敏,EMP_032,周洋贸易公司,顺丰速运,食品,整车,2449kg,0.91m³,3145元,3115元,2025-01-14 04:27,2026-05-19 14:46,2025-01-14 04:27,2026-09-22 18:00,已退回,张敏,498km,朝阳网点,朝阳网点,未及时签收,中
WLYD1878533,北京鼓楼区,北京鼓楼区,黄娜,EMP_044,吴丽贸易公司,顺丰速运,食品,整车,1230kg,0.35m³,2682元,3828元,2026-11-28 23:01,2025-06-02 20:33,2026-11-28 23:01,2025-08-25 14:59,已签收,黄芳,125km,朝阳网点,余杭网点,超时派送,中
WLYD8644350,北京南山区,广州南山区,赵娜,EMP_041,吴磊贸易公司,顺丰速运,服装,整车,2005kg,4.56m³,477元,1596元,2026-10-03 11:31,2026-05-18 23:46,2026-10-03 11:31,2026-10-26 13:09,已退回,周芳,1930km,南山网点,天河网点,重量异常,低
WLYD3385177,杭州浦东新区,南京南山区,杨洋,EMP_065,吴磊贸易公司,顺丰速运,食品,合同物流,4814kg,1.12m³,1318元,4529元,2026-02-02 13:28,2026-02-13 13:55,2026-02-02 13:28,2025-12-22 17:15,已退回,陈敏,790km,余杭网点,余杭网点,路线异常,低
WLYD2855762,北京朝阳区,北京余杭区,吴强,EMP_045,陈秀英贸易公司,顺丰速运,电子产品,零担,2176kg,1.03m³,449元,2968元,2025-02-05 07:39,2026-04-25 14:39,2025-02-05 07:39,2025-01-17 01:37,已签收,杨伟,1266km,浦东网点,天河网点,重量异常,高
WLYD2536191,南京鼓楼区,深圳天河区,张静,EMP_096,陈伟贸易公司,顺丰速运,食品,合同物流,2214kg,6.24m³,3211元,3979元,2026-05-04 06:27,2026-08-23 22:56,2026-05-04 06:27,2026-09-03 20:35,已退回,张磊,444km,南山网点,南山网点,未及时签收,高
WLYD6697350,上海浦东新区,杭州南山区,陈芳,EMP_092,周强贸易公司,顺丰速运,电子产品,整车,2057kg,6.82m³,2293元,4547元,2025-07-09 21:07,2026-02-25 23:43,2025-07-09 21:07,2026-02-14 04:28,派送中,王洋,186km,南山网点,余杭网点,路线异常,低
WLYD3018444,深圳南山区,广州浦东新区,杨秀英,EMP_082,张芳贸易公司,顺丰速运,服装,合同物流,3263kg,0.11m³,719元,2076元,2025-07-27 19:37,2025-05-04 17:43,2025-07-27 19:37,2026-03-04 19:53,已退回,黄伟,1792km,朝阳网点,南山网点,未及时签收,低
WLYD1813550,南京朝阳区,杭州余杭区,周磊,EMP_023,王强贸易公司,顺丰速运,服装,合同物流,1700kg,9.30m³,2726元,856元,2025-08-23 14:58,2026-09-01 19:42,2025-08-23 14:58,2026-11-05 01:44,已退回,李娜,676km,余杭网点,朝阳网点,未及时签收,高
WLYD9850448,深圳余杭区,北京余杭区,杨娜,EMP_075,陈芳贸易公司,顺丰速运,服装,合同物流,1103kg,4.58m³,4169元,1879元,2026-11-19 22:33,2026-08-28 10:11,2026-11-19 22:33,2025-12-25 07:25,已签收,张娜,713km,浦东网点,南山网点,未及时签收,低
WLYD9293918,南京鼓楼区,杭州余杭区,杨敏,EMP_034,周磊贸易公司,顺丰速运,化工品,合同物流,3663kg,7.14m³,1462元,1060元,2026-12-08 23:55,2026-06-21 04:14,2026-12-08 23:55,2026-05-15 19:12,派送中,周伟,1757km,朝阳网点,天河网点,超时派送,高
WLYD4993007,杭州鼓楼区,深圳余杭区,黄磊,EMP_035,杨丽贸易公司,顺丰速运,化工品,零担,1627kg,9.34m³,4574元,2969元,2025-03-11 18:50,2025-06-18 06:44,2025-03-11 18:50,2025-11-19 21:44,已签收,吴强,1317km,朝阳网点,浦东网点,虚假签收,中
WLYD2573352,南京朝阳区,广州南山区,吴静,EMP_026,周芳贸易公司,顺丰速运,化工品,零担,2249kg,8.76m³,4156元,1486元,2025-05-15 05:15,2026-02-05 07:12,2025-05-15 05:15,2025-06-22 01:27,已签收,赵娜,503km,余杭网点,天河网点,虚假签收,高
WLYD2987518,广州浦东新区,深圳浦东新区,杨洋,EMP_032,周强贸易公司,顺丰速运,化工品,合同物流,2609kg,0.61m³,720元,3239元,2026-08-09 19:17,2025-12-12 18:39,2026-08-09 19:17,2025-07-27 20:37,已签收,刘秀英,756km,鼓楼网点,浦东网点,包装破损,高
WLYD6316855,杭州南山区,杭州余杭区,黄静,EMP_012,杨秀英贸易公司,顺丰速运,服装,整车,2440kg,8.05m³,4806元,1193元,2026-08-16 00:09,2025-04-01 13:11,2026-08-16 00:09,2026-02-15 10:36,已退回,周芳,427km,鼓楼网点,浦东网点,重量异常,高
WLYD8226649,上海南山区,北京南山区,杨静,EMP_070,王强贸易公司,顺丰速运,服装,整车,2080kg,1.17m³,4469元,4306元,2026-10-01 11:52,2025-03-26 22:38,2026-10-01 11:52,2025-01-14 20:17,已退回,赵强,1209km,余杭网点,余杭网点,运费异常,低
WLYD6763503,南京南山区,杭州南山区,吴强,EMP_004,黄静贸易公司,顺丰速运,建材,零担,2454kg,2.75m³,3845元,1456元,2026-08-25 02:44,2026-05-19 01:12,2026-08-25 02:44,2026-01-16 22:08,已退回,王磊,1586km,天河网点,朝阳网点,货物损坏,中
WLYD7931500,广州南山区,广州鼓楼区,李娜,EMP_034,吴洋贸易公司,顺丰速运,化工品,整车,2683kg,8.22m³,3874元,4294元,2025-10-20 07:58,2025-01-04 11:52,2025-10-20 07:58,2026-09-27 19:01,已签收,李伟,1960km,浦东网点,鼓楼网点,运费异常,低
WLYD6707718,杭州鼓楼区,广州南山区,周秀英,EMP_093,李娜贸易公司,顺丰速运,建材,整车,3136kg,2.34m³,2691元,1717元,2025-09-02 09:22,2025-09-18 12:01,2025-09-02 09:22,2025-07-21 00:00,已签收,周娜,303km,鼓楼网点,浦东网点,虚假签收,高
WLYD6336782,深圳南山区,南京朝阳区,杨秀英,EMP_068,周芳贸易公司,顺丰速运,电子产品,整车,533kg,9.62m³,4474元,2469元,2025-07-13 04:24,2025-03-16 11:26,2025-07-13 04:24,2026-10-27 01:07,派送中,吴强,573km,鼓楼网点,天河网点,未及时签收,高
WLYD3461794,广州南山区,广州鼓楼区,张敏,EMP_019,陈静贸易公司,顺丰速运,化工品,零担,3707kg,5.75m³,3227元,3083元,2026-08-25 03:43,2026-04-21 18:43,2026-08-25 03:43,2026-12-24 02:06,派送中,赵洋,235km,南山网点,余杭网点,重量异常,中
WLYD4047951,广州鼓楼区,深圳浦东新区,杨洋,EMP_034,吴娜贸易公司,顺丰速运,食品,零担,1034kg,6.78m³,1876元,2664元,2026-10-21 08:34,2026-01-03 21:00,2026-10-21 08:34,2026-01-20 04:15,派送中,李强,1619km,朝阳网点,朝阳网点,路线异常,高
WLYD5813018,北京南山区,上海余杭区,张洋,EMP_016,李芳贸易公司,顺丰速运,化工品,合同物流,1020kg,2.92m³,3445元,2691元,2025-05-28 07:00,2025-02-11 15:47,2025-05-28 07:00,2025-10-17 17:03,已签收,赵丽,989km,南山网点,天河网点,包装破损,中
WLYD6556716,上海余杭区,杭州余杭区,刘秀英,EMP_004,吴敏贸易公司,顺丰速运,建材,整车,1131kg,3.91m³,1311元,3968元,2026-10-04 03:12,2025-10-01 11:58,2026-10-04 03:12,2026-03-07 18:53,已签收,刘敏,885km,天河网点,天河网点,路线异常,中
WLYD1291030,上海南山区,杭州朝阳区,张伟,EMP_098,陈伟贸易公司,顺丰速运,电子产品,合同物流,2359kg,0.74m³,2420元,4402元,2026-02-02 19:44,2026-04-23 05:28,2026-02-02 19:44,2025-04-25 18:27,已退回,周伟,246km,天河网点,余杭网点,路线异常,高
WLYD8618189,南京鼓楼区,深圳余杭区,张芳,EMP_010,黄磊贸易公司,顺丰速运,电子产品,零担,216kg,5.92m³,2914元,3208元,2025-02-28 23:13,2026-08-24 00:59,2025-02-28 23:13,2026-08-23 02:19,派送中,王芳,1362km,天河网点,鼓楼网点,路线异常,低
WLYD6384958,深圳余杭区,杭州朝阳区,李丽,EMP_095,黄丽贸易公司,顺丰速运,电子产品,整车,2474kg,8.33m³,1037元,1500元,2026-07-14 15:57,2025-03-22 03:33,2026-07-14 15:57,2025-03-05 10:53,派送中,李丽,1765km,天河网点,浦东网点,虚假签收,高
WLYD2820116,杭州朝阳区,深圳鼓楼区,杨静,EMP_022,赵丽贸易公司,顺丰速运,服装,零担,2181kg,9.86m³,3395元,623元,2026-11-03 04:45,2025-08-01 17:04,2026-11-03 04:45,2026-10-12 05:04,已签收,吴芳,1454km,南山网点,浦东网点,重量异常,中
WLYD4247812,上海浦东新区,广州浦东新区,李伟,EMP_093,赵强贸易公司,顺丰速运,食品,零担,2186kg,2.39m³,4610元,4537元,2026-03-11 05:49,2026-01-05 04:30,2026-03-11 05:49,2026-10-18 19:10,派送中,杨强,644km,鼓楼网点,浦东网点,运费异常,高
WLYD5659307,深圳鼓楼区,广州浦东新区,赵丽,EMP_046,吴强贸易公司,顺丰速运,化工品,整车,3395kg,1.27m³,2958元,387元,2025-02-11 13:55,2026-01-07 20:21,2025-02-11 13:55,2026-10-25 19:11,已签收,吴静,219km,浦东网点,朝阳网点,未及时签收,低
WLYD8217567,广州朝阳区,广州余杭区,黄敏,EMP_010,周芳贸易公司,顺丰速运,服装,零担,3718kg,1.05m³,3689元,2568元,2025-03-15 07:38,2025-12-17 08:14,2025-03-15 07:38,2025-05-20 22:10,已签收,李洋,313km,天河网点,浦东网点,运费异常,中
WLYD9451930,杭州鼓楼区,南京鼓楼区,周伟,EMP_029,王磊贸易公司,顺丰速运,电子产品,零担,4057kg,9.52m³,1189元,906元,2026-10-04 06:50,2026-11-04 11:03,2026-10-04 06:50,2025-02-14 08:50,派送中,张丽,143km,鼓楼网点,朝阳网点,超时派送,高
WLYD6654547,上海天河区,南京南山区,黄敏,EMP_017,刘强贸易公司,顺丰速运,电子产品,整车,566kg,4.17m³,4233元,1845元,2025-06-19 07:44,2026-09-15 12:45,2025-06-19 07:44,2026-05-28 17:12,已签收,周洋,1262km,南山网点,余杭网点,重量异常,高
WLYD4105081,上海南山区,南京南山区,吴敏,EMP_023,刘敏贸易公司,顺丰速运,建材,零担,2335kg,6.90m³,2613元,4713元,2025-05-28 21:48,2025-03-22 03:34,2025-05-28 21:48,2026-04-22 08:27,已签收,陈娜,702km,朝阳网点,浦东网点,货物损坏,高
WLYD6591759,南京南山区,广州天河区,陈强,EMP_046,吴伟贸易公司,顺丰速运,建材,合同物流,4242kg,3.56m³,2556元,4106元,2025-04-09 00:03,2025-03-04 05:37,2025-04-09 00:03,2026-05-19 09:45,已签收,杨芳,1911km,朝阳网点,天河网点,货物损坏,高
WLYD5192657,上海余杭区,南京天河区,周洋,EMP_012,王洋贸易公司,顺丰速运,建材,零担,3670kg,1.86m³,3804元,4318元,2026-07-26 00:58,2025-12-18 12:52,2026-07-26 00:58,2025-01-17 18:04,已签收,周强,1069km,余杭网点,余杭网点,货物损坏,高
WLYD4603855,广州鼓楼区,杭州天河区,赵静,EMP_088,周芳贸易公司,顺丰速运,化工品,整车,930kg,7.84m³,2265元,126元,2026-02-22 06:52,2026-09-26 21:48,2026-02-22 06:52,2025-02-01 00:31,已退回,周磊,1654km,鼓楼网点,鼓楼网点,包装破损,中
WLYD8698628,广州余杭区,南京余杭区,黄伟,EMP_013,黄磊贸易公司,顺丰速运,建材,整车,1988kg,2.62m³,230元,751元,2026-04-07 17:30,2026-02-27 15:26,2026-04-07 17:30,2025-10-19 22:59,已签收,王敏,1284km,鼓楼网点,南山网点,包装破损,高
WLYD1667764,杭州鼓楼区,上海朝阳区,吴伟,EMP_040,李芳贸易公司,顺丰速运,食品,零担,2346kg,5.70m³,1911元,4503元,2026-11-05 22:41,2025-02-06 05:48,2026-11-05 22:41,2026-04-21 15:11,已退回,赵敏,1463km,天河网点,朝阳网点,货物损坏,中
WLYD3586221,北京朝阳区,广州余杭区,王洋,EMP_017,李洋贸易公司,顺丰速运,化工品,整车,4439kg,2.02m³,802元,1511元,2025-03-08 01:49,2026-11-04 06:25,2025-03-08 01:49,2026-05-27 14:54,派送中,周丽,468km,朝阳网点,鼓楼网点,包装破损,中
WLYD7910548,杭州浦东新区,南京鼓楼区,王芳,EMP_098,陈娜贸易公司,顺丰速运,化工品,整车,205kg,2.56m³,2696元,1936元,2026-04-04 12:57,2026-12-07 09:48,2026-04-04 12:57,2026-11-26 14:51,已签收,杨伟,834km,余杭网点,天河网点,虚假签收,低
WLYD5682393,杭州余杭区,广州鼓楼区,王敏,EMP_069,周强贸易公司,顺丰速运,食品,整车,4408kg,7.36m³,1616元,140元,2026-05-05 14:52,2026-01-04 19:08,2026-05-05 14:52,2026-01-14 15:02,已退回,杨静,57km,南山网点,天河网点,运费异常,低
WLYD5109167,杭州余杭区,广州天河区,王伟,EMP_090,王丽贸易公司,顺丰速运,食品,零担,1266kg,9.29m³,4650元,139元,2025-09-02 15:49,2025-10-20 02:10,2025-09-02 15:49,2025-08-10 06:56,已签收,周芳,1947km,鼓楼网点,浦东网点,未及时签收,低
WLYD4500460,广州朝阳区,广州朝阳区,刘娜,EMP_047,杨敏贸易公司,顺丰速运,食品,整车,3498kg,2.63m³,2999元,3339元,2026-11-25 04:34,2026-07-04 18:11,2026-11-25 04:34,2025-07-20 14:44,已退回,张丽,336km,南山网点,朝阳网点,超时派送,高
WLYD9037871,深圳朝阳区,深圳南山区,杨丽,EMP_041,王秀英贸易公司,顺丰速运,化工品,零担,3933kg,3.30m³,726元,539元,2026-12-28 19:29,2026-12-25 00:29,2026-12-28 19:29,2025-10-07 00:45,已签收,黄敏,1307km,余杭网点,朝阳网点,路线异常,低
WLYD6451976,深圳余杭区,北京南山区,王娜,EMP_095,赵秀英贸易公司,顺丰速运,建材,整车,1004kg,2.88m³,1681元,1917元,2025-04-12 00:22,2025-03-08 19:50,2025-04-12 00:22,2025-01-10 03:31,已签收,杨芳,1301km,南山网点,南山网点,虚假签收,低
WLYD1687086,广州天河区,上海余杭区,王秀英,EMP_048,王娜贸易公司,顺丰速运,建材,整车,4630kg,6.51m³,2802元,4037元,2025-12-09 16:13,2025-08-27 21:11,2025-12-09 16:13,2026-07-12 03:03,派送中,李丽,615km,南山网点,鼓楼网点,重量异常,低
WLYD8855347,广州鼓楼区,上海南山区,李洋,EMP_024,黄丽贸易公司,顺丰速运,食品,整车,4419kg,2.81m³,299元,605元,2026-06-23 22:04,2025-06-22 20:54,2026-06-23 22:04,2025-06-17 23:39,已退回,黄洋,1082km,浦东网点,鼓楼网点,未及时签收,低
WLYD8293253,北京浦东新区,深圳南山区,王磊,EMP_007,吴敏贸易公司,顺丰速运,服装,整车,4979kg,0.85m³,2837元,1592元,2026-03-14 15:50,2026-08-03 01:38,2026-03-14 15:50,2026-01-20 20:21,已退回,周丽,123km,天河网点,浦东网点,重量异常,低
WLYD1290257,广州南山区,杭州鼓楼区,黄磊,EMP_035,陈强贸易公司,顺丰速运,建材,零担,496kg,7.60m³,2472元,1618元,2026-05-05 21:25,2026-09-13 12:07,2026-05-05 21:25,2026-04-23 01:46,已退回,吴敏,1797km,天河网点,南山网点,重量异常,中
WLYD7816695,南京朝阳区,北京南山区,赵丽,EMP_097,陈敏贸易公司,顺丰速运,服装,合同物流,4562kg,1.89m³,3960元,815元,2026-02-24 06:11,2026-09-11 03:21,2026-02-24 06:11,2026-05-20 00:02,派送中,刘丽,1122km,浦东网点,天河网点,运费异常,低
WLYD6690193,杭州朝阳区,深圳朝阳区,王强,EMP_021,王芳贸易公司,顺丰速运,电子产品,零担,3108kg,1.39m³,1963元,4404元,2026-09-16 00:08,2026-01-26 14:26,2026-09-16 00:08,2025-12-12 19:50,已退回,陈芳,1011km,南山网点,天河网点,重量异常,高
WLYD8637039,广州朝阳区,北京南山区,王秀英,EMP_015,赵芳贸易公司,顺丰速运,化工品,合同物流,2525kg,7.73m³,4955元,3429元,2025-04-21 06:29,2026-12-11 21:19,2025-04-21 06:29,2026-02-15 14:58,派送中,陈磊,1544km,鼓楼网点,浦东网点,未及时签收,高
WLYD5933617,南京朝阳区,广州朝阳区,王静,EMP_016,杨强贸易公司,顺丰速运,电子产品,整车,2280kg,0.83m³,862元,4291元,2026-05-07 19:15,2026-04-12 10:45,2026-05-07 19:15,2026-06-16 05:58,已签收,赵强,1309km,余杭网点,天河网点,重量异常,中
WLYD2893124,广州南山区,上海余杭区,杨静,EMP_067,张敏贸易公司,顺丰速运,化工品,零担,2103kg,2.47m³,1260元,975元,2025-09-19 05:31,2025-01-27 18:02,2025-09-19 05:31,2026-04-26 06:36,派送中,李敏,211km,朝阳网点,朝阳网点,超时派送,高
WLYD6695156,杭州南山区,深圳朝阳区,刘秀英,EMP_034,黄芳贸易公司,顺丰速运,化工品,合同物流,3175kg,6.54m³,280元,3435元,2026-02-17 04:49,2025-08-03 02:38,2026-02-17 04:49,2025-06-09 14:38,派送中,王丽,733km,余杭网点,南山网点,超时派送,低
WLYD9547241,上海天河区,北京余杭区,杨芳,EMP_022,杨丽贸易公司,顺丰速运,服装,整车,3544kg,8.62m³,2250元,693元,2025-08-13 13:48,2026-12-04 18:27,2025-08-13 13:48,2026-10-20 21:12,已退回,赵娜,1830km,南山网点,天河网点,未及时签收,低
WLYD1937385,南京天河区,杭州鼓楼区,赵丽,EMP_062,刘静贸易公司,顺丰速运,服装,合同物流,4820kg,3.72m³,3380元,2067元,2025-03-08 21:06,2025-12-10 20:49,2025-03-08 21:06,2025-10-26 03:37,已退回,王丽,806km,鼓楼网点,鼓楼网点,重量异常,低
WLYD1266039,北京浦东新区,北京朝阳区,张娜,EMP_018,刘伟贸易公司,顺丰速运,电子产品,合同物流,579kg,9.84m³,2159元,3561元,2025-10-15 07:01,2025-01-02 17:54,2025-10-15 07:01,2026-08-11 09:26,已退回,陈磊,431km,南山网点,南山网点,未及时签收,高
WLYD8991426,杭州南山区,杭州余杭区,陈洋,EMP_063,杨敏贸易公司,顺丰速运,建材,零担,2981kg,5.17m³,3460元,3718元,2025-06-27 00:18,2025-11-11 09:28,2025-06-27 00:18,2026-10-25 17:33,已退回,刘伟,1327km,朝阳网点,余杭网点,运费异常,低
WLYD1720461,杭州浦东新区,深圳余杭区,吴伟,EMP_009,王丽贸易公司,顺丰速运,化工品,整车,3858kg,9.38m³,3822元,1106元,2026-04-02 12:34,2026-05-04 21:58,2026-04-02 12:34,2026-07-07 16:25,已退回,吴洋,1820km,朝阳网点,天河网点,路线异常,低
WLYD2669346,北京南山区,上海余杭区,陈芳,EMP_023,陈秀英贸易公司,顺丰速运,食品,合同物流,1510kg,8.08m³,4863元,3289元,2025-07-20 09:33,2025-09-13 23:58,2025-07-20 09:33,2025-09-27 05:44,派送中,刘静,1348km,余杭网点,天河网点,货物损坏,高
WLYD7865029,北京南山区,南京南山区,张敏,EMP_025,张娜贸易公司,顺丰速运,食品,合同物流,1804kg,2.42m³,4900元,4143元,2025-08-20 21:02,2026-06-27 05:19,2025-08-20 21:02,2025-04-05 12:01,已退回,杨伟,439km,朝阳网点,天河网点,运费异常,低
WLYD3362112,杭州南山区,南京南山区,赵敏,EMP_036,刘洋贸易公司,顺丰速运,服装,零担,643kg,6.02m³,196元,167元,2025-12-20 06:34,2026-06-11 15:27,2025-12-20 06:34,2025-06-17 09:34,已退回,吴强,207km,朝阳网点,南山网点,路线异常,低
WLYD3547769,杭州浦东新区,南京朝阳区,刘洋,EMP_049,赵敏贸易公司,顺丰速运,服装,零担,739kg,8.83m³,1304元,3911元,2025-07-06 18:52,2025-07-15 12:08,2025-07-06 18:52,2026-10-01 04:20,已签收,王秀英,1903km,鼓楼网点,南山网点,路线异常,高
WLYD1050818,广州鼓楼区,北京朝阳区,杨丽,EMP_073,吴磊贸易公司,顺丰速运,电子产品,零担,4253kg,6.50m³,376元,671元,2025-10-17 17:53,2026-12-25 21:26,2025-10-17 17:53,2025-12-28 18:59,已签收,王丽,1552km,南山网点,朝阳网点,虚假签收,低
WLYD3966867,上海浦东新区,上海余杭区,吴芳,EMP_039,杨敏贸易公司,顺丰速运,服装,合同物流,4548kg,6.60m³,4689元,703元,2026-11-08 05:07,2025-03-19 18:55,2026-11-08 05:07,2025-12-23 11:26,已退回,李伟,1457km,余杭网点,浦东网点,重量异常,低
WLYD9961194,广州鼓楼区,上海天河区,吴洋,EMP_013,黄强贸易公司,顺丰速运,建材,零担,3041kg,5.47m³,4494元,1760元,2025-02-20 00:00,2025-04-22 10:12,2025-02-20 00:00,2025-12-13 10:15,已退回,刘强,684km,南山网点,天河网点,未及时签收,中
WLYD9784015,北京朝阳区,上海南山区,黄敏,EMP_059,周磊贸易公司,顺丰速运,化工品,整车,2335kg,9.80m³,4430元,1852元,2025-12-02 08:17,2025-11-12 19:04,2025-12-02 08:17,2026-06-10 14:37,派送中,李强,1385km,鼓楼网点,天河网点,未及时签收,高
WLYD7417870,上海南山区,深圳朝阳区,赵静,EMP_054,黄洋贸易公司,顺丰速运,服装,零担,191kg,5.06m³,580元,3073元,2026-11-23 17:43,2026-07-06 23:40,2026-11-23 17:43,2026-09-20 16:39,派送中,吴敏,292km,鼓楼网点,南山网点,虚假签收,高
WLYD1180001,南京鼓楼区,杭州浦东新区,陈秀英,EMP_029,陈娜贸易公司,顺丰速运,电子产品,整车,4055kg,3.31m³,1309元,2594元,2025-12-24 16:59,2025-12-02 01:36,2025-12-24 16:59,2026-10-22 23:04,已签收,王磊,1375km,朝阳网点,余杭网点,重量异常,中
WLYD1216559,杭州鼓楼区,北京浦东新区,王敏,EMP_053,张静贸易公司,顺丰速运,电子产品,合同物流,4618kg,7.08m³,2010元,3313元,2025-02-28 15:18,2026-05-27 02:48,2025-02-28 15:18,2026-06-16 12:09,已退回,黄磊,1223km,天河网点,天河网点,路线异常,低
WLYD5935942,广州浦东新区,上海南山区,王磊,EMP_084,陈强贸易公司,顺丰速运,服装,整车,4514kg,2.83m³,3529元,1756元,2026-09-03 02:31,2025-02-19 04:46,2026-09-03 02:31,2026-06-01 06:59,已签收,陈伟,520km,鼓楼网点,南山网点,路线异常,低
WLYD6053299,深圳鼓楼区,上海浦东新区,李敏,EMP_035,赵秀英贸易公司,顺丰速运,食品,合同物流,118kg,0.42m³,4074元,292元,2025-09-09 16:56,2025-02-26 15:05,2025-09-09 16:56,2025-05-19 07:20,已签收,王伟,401km,鼓楼网点,鼓楼网点,运费异常,高
WLYD3032202,南京鼓楼区,北京鼓楼区,张洋,EMP_091,杨敏贸易公司,顺丰速运,食品,零担,489kg,7.94m³,2780元,1803元,2026-09-20 05:56,2026-04-26 12:05,2026-09-20 05:56,2026-04-26 20:32,已退回,黄洋,1738km,余杭网点,浦东网点,货物损坏,高
WLYD4371442,北京浦东新区,上海浦东新区,张强,EMP_021,李磊贸易公司,顺丰速运,电子产品,零担,1678kg,5.89m³,3759元,2502元,2026-12-02 01:34,2025-05-18 15:41,2026-12-02 01:34,2026-02-19 07:37,已退回,张磊,1392km,朝阳网点,鼓楼网点,超时派送,低
WLYD4022635,上海天河区,广州朝阳区,周敏,EMP_081,赵伟贸易公司,顺丰速运,化工品,零担,4693kg,3.97m³,4759元,1160元,2026-04-11 04:00,2025-01-18 13:42,2026-04-11 04:00,2025-05-09 17:40,已退回,李静,1680km,天河网点,天河网点,货物损坏,高
WLYD4310458,广州浦东新区,北京浦东新区,杨秀英,EMP_034,陈丽贸易公司,顺丰速运,服装,合同物流,3963kg,5.53m³,397元,1034元,2025-01-23 05:47,2026-09-03 20:20,2025-01-23 05:47,2026-02-03 22:31,已退回,张洋,1119km,鼓楼网点,朝阳网点,运费异常,低
WLYD4997165,深圳余杭区,上海余杭区,黄伟,EMP_074,刘静贸易公司,顺丰速运,化工品,零担,3589kg,5.82m³,2624元,4267元,2026-02-03 03:18,2025-02-14 21:05,2026-02-03 03:18,2026-02-12 20:36,派送中,陈敏,1870km,余杭网点,鼓楼网点,未及时签收,低
WLYD4456822,杭州鼓楼区,北京余杭区,黄娜,EMP_030,陈磊贸易公司,顺丰速运,电子产品,合同物流,4333kg,8.05m³,3067元,2374元,2025-07-07 20:33,2026-01-09 15:22,2025-07-07 20:33,2026-05-13 14:19,已签收,陈丽,1056km,浦东网点,鼓楼网点,超时派送,高
WLYD3239557,北京余杭区,广州浦东新区,吴磊,EMP_044,陈秀英贸易公司,顺丰速运,化工品,零担,506kg,5.05m³,2410元,2345元,2026-07-03 18:11,2025-10-11 11:00,2026-07-03 18:11,2026-08-17 17:43,已退回,陈磊,1305km,鼓楼网点,鼓楼网点,未及时签收,高
WLYD3834793,上海朝阳区,杭州鼓楼区,刘丽,EMP_033,赵磊贸易公司,顺丰速运,建材,合同物流,3139kg,1.77m³,4910元,2357元,2025-08-21 08:54,2025-04-17 11:34,2025-08-21 08:54,2026-04-27 10:26,派送中,陈丽,1613km,鼓楼网点,余杭网点,超时派送,中
WLYD6923538,南京天河区,南京鼓楼区,黄芳,EMP_007,周伟贸易公司,顺丰速运,电子产品,整车,1623kg,2.17m³,1034元,1387元,2025-12-12 21:48,2025-01-19 04:21,2025-12-12 21:48,2026-04-24 09:06,已签收,王伟,1898km,浦东网点,余杭网点,运费异常,高
WLYD5035199,杭州朝阳区,上海余杭区,黄伟,EMP_083,周秀英贸易公司,顺丰速运,食品,合同物流,3894kg,6.55m³,2699元,1762元,2026-07-22 13:14,2026-07-13 03:13,2026-07-22 13:14,2026-03-01 07:33,已退回,周洋,1468km,朝阳网点,浦东网点,重量异常,中
WLYD6308526,杭州鼓楼区,北京南山区,周娜,EMP_043,张伟贸易公司,顺丰速运,服装,合同物流,2911kg,6.54m³,4464元,3483元,2026-05-16 04:04,2026-10-14 04:30,2026-05-16 04:04,2026-02-09 06:52,已签收,刘敏,426km,天河网点,朝阳网点,超时派送,高
WLYD3325962,北京南山区,北京浦东新区,周秀英,EMP_019,张芳贸易公司,顺丰速运,化工品,零担,470kg,8.04m³,4803元,2441元,2025-02-26 18:01,2026-08-22 04:58,2025-02-26 18:01,2026-06-26 05:34,已退回,陈洋,819km,余杭网点,南山网点,重量异常,低
WLYD6700659,上海南山区,深圳天河区,陈磊,EMP_011,王伟贸易公司,顺丰速运,服装,合同物流,2831kg,1.54m³,2673元,903元,2026-07-11 17:15,2026-01-21 08:39,2026-07-11 17:15,2025-07-21 22:22,已签收,吴秀英,1087km,浦东网点,浦东网点,货物损坏,低
WLYD3244979,广州鼓楼区,深圳浦东新区,周丽,EMP_030,黄伟贸易公司,顺丰速运,服装,整车,551kg,1.04m³,949元,2291元,2025-05-02 14:59,2026-05-14 11:15,2025-05-02 14:59,2026-09-22 05:35,派送中,赵磊,891km,鼓楼网点,南山网点,未及时签收,高
WLYD6603105,深圳天河区,杭州天河区,王芳,EMP_084,杨丽贸易公司,顺丰速运,食品,整车,2538kg,5.73m³,774元,3977元,2026-04-19 21:27,2026-10-10 21:40,2026-04-19 21:27,2025-03-17 05:03,已签收,赵芳,968km,朝阳网点,天河网点,包装破损,低
WLYD7263644,南京南山区,北京余杭区,赵洋,EMP_054,赵丽贸易公司,顺丰速运,服装,合同物流,884kg,9.43m³,4089元,4316元,2026-12-16 19:31,2026-04-17 10:08,2026-12-16 19:31,2025-04-02 19:16,派送中,赵静,1643km,浦东网点,朝阳网点,货物损坏,低
WLYD7349974,南京南山区,广州浦东新区,杨洋,EMP_021,周丽贸易公司,顺丰速运,电子产品,整车,4539kg,2.41m³,1641元,3305元,2026-03-05 16:03,2026-07-21 14:08,2026-03-05 16:03,2025-07-14 03:16,已签收,周磊,312km,余杭网点,浦东网点,货物损坏,中
WLYD4939333,北京南山区,上海南山区,吴娜,EMP_011,刘秀英贸易公司,顺丰速运,建材,零担,4207kg,9.48m³,3863元,1093元,2026-09-18 21:32,2025-12-02 17:41,2026-09-18 21:32,2025-04-08 06:45,已签收,陈静,835km,浦东网点,南山网点,路线异常,中
WLYD1866278,广州余杭区,北京朝阳区,陈静,EMP_003,黄敏贸易公司,顺丰速运,食品,零担,1112kg,6.02m³,4248元,3031元,2025-12-23 08:05,2026-12-22 08:03,2025-12-23 08:05,2025-01-22 09:46,已签收,李静,1971km,天河网点,鼓楼网点,包装破损,高
WLYD3483091,上海南山区,南京朝阳区,周强,EMP_085,杨伟贸易公司,顺丰速运,服装,整车,3258kg,8.47m³,4465元,3881元,2025-06-05 10:52,2026-05-17 05:28,2025-06-05 10:52,2026-04-07 23:26,已签收,刘娜,253km,天河网点,浦东网点,路线异常,中
WLYD9422330,上海南山区,南京鼓楼区,王丽,EMP_065,黄磊贸易公司,顺丰速运,建材,零担,211kg,7.96m³,4963元,4636元,2026-11-02 15:22,2026-03-27 22:46,2026-11-02 15:22,2026-08-08 14:43,派送中,吴磊,365km,浦东网点,朝阳网点,货物损坏,低
WLYD5564914,上海朝阳区,深圳天河区,张磊,EMP_038,杨芳贸易公司,顺丰速运,建材,零担,4258kg,2.88m³,1354元,3483元,2026-08-06 00:51,2026-01-17 13:16,2026-08-06 00:51,2025-04-20 18:53,已退回,王丽,1606km,余杭网点,朝阳网点,未及时签收,高
WLYD2509548,北京朝阳区,上海浦东新区,陈芳,EMP_047,陈洋贸易公司,顺丰速运,食品,整车,187kg,5.24m³,270元,4484元,2026-05-20 05:59,2025-09-09 11:05,2026-05-20 05:59,2026-07-12 04:27,派送中,陈静,673km,浦东网点,南山网点,超时派送,中
WLYD2830996,广州鼓楼区,上海鼓楼区,李洋,EMP_061,陈静贸易公司,顺丰速运,食品,零担,4343kg,3.15m³,3102元,193元,2026-03-12 18:44,2026-02-20 19:07,2026-03-12 18:44,2025-04-16 15:13,已退回,黄静,533km,朝阳网点,浦东网点,虚假签收,低
WLYD7946026,北京浦东新区,广州天河区,李洋,EMP_093,吴娜贸易公司,顺丰速运,电子产品,整车,2739kg,1.78m³,216元,2776元,2026-03-28 06:35,2025-09-26 00:02,2026-03-28 06:35,2026-04-14 01:44,已签收,王伟,523km,朝阳网点,南山网点,货物损坏,中
WLYD4120093,深圳南山区,北京朝阳区,周静,EMP_030,陈芳贸易公司,顺丰速运,服装,零担,2708kg,9.40m³,2218元,1006元,2025-06-28 20:01,2026-01-27 13:52,2025-06-28 20:01,2025-03-24 07:42,已签收,黄敏,613km,南山网点,鼓楼网点,重量异常,高
WLYD1741393,北京朝阳区,深圳朝阳区,黄芳,EMP_085,杨娜贸易公司,顺丰速运,食品,零担,2713kg,5.37m³,4220元,3938元,2026-05-05 10:44,2026-10-14 02:42,2026-05-05 10:44,2026-11-07 11:58,已退回,王伟,298km,天河网点,余杭网点,超时派送,中
WLYD5396758,杭州天河区,杭州浦东新区,陈强,EMP_019,赵强贸易公司,顺丰速运,电子产品,合同物流,4552kg,2.48m³,3419元,977元,2026-11-26 01:41,2026-05-08 14:10,2026-11-26 01:41,2025-11-04 21:43,已签收,吴伟,1226km,朝阳网点,朝阳网点,包装破损,高
WLYD5594884,上海南山区,南京天河区,张磊,EMP_008,吴秀英贸易公司,顺丰速运,建材,零担,2216kg,4.28m³,3317元,1611元,2025-06-06 10:00,2026-12-12 22:33,2025-06-06 10:00,2025-02-14 13:57,派送中,李芳,556km,鼓楼网点,南山网点,未及时签收,中
WLYD9330500,广州天河区,广州鼓楼区,周敏,EMP_010,杨敏贸易公司,顺丰速运,食品,零担,961kg,1.00m³,341元,3544元,2025-01-12 05:05,2026-10-22 15:48,2025-01-12 05:05,2025-02-12 01:50,派送中,陈芳,811km,浦东网点,朝阳网点,超时派送,高
WLYD8276350,上海天河区,广州鼓楼区,陈强,EMP_010,刘强贸易公司,顺丰速运,建材,整车,4004kg,9.43m³,2324元,2297元,2025-12-21 16:12,2026-11-28 03:07,2025-12-21 16:12,2026-06-19 06:31,已签收,黄娜,928km,朝阳网点,南山网点,重量异常,高
WLYD5248704,北京余杭区,杭州天河区,赵芳,EMP_051,刘静贸易公司,顺丰速运,服装,整车,3137kg,8.08m³,4527元,4138元,2026-04-07 11:35,2025-04-13 02:24,2026-04-07 11:35,2026-08-13 06:00,已退回,王芳,650km,鼓楼网点,南山网点,包装破损,低
WLYD4623433,上海余杭区,北京朝阳区,张静,EMP_096,王芳贸易公司,顺丰速运,建材,合同物流,4511kg,6.95m³,3147元,4503元,2025-01-19 15:55,2025-08-18 06:06,2025-01-19 15:55,2026-04-23 15:08,派送中,杨芳,1896km,朝阳网点,天河网点,未及时签收,高
WLYD5718183,广州余杭区,广州浦东新区,吴强,EMP_058,张静贸易公司,顺丰速运,电子产品,整车,851kg,8.60m³,2932元,3384元,2026-11-08 15:03,2025-07-05 23:05,2026-11-08 15:03,2025-02-23 11:59,已退回,刘娜,1744km,朝阳网点,浦东网点,包装破损,高
WLYD7385550,北京南山区,广州朝阳区,张强,EMP_021,张强贸易公司,顺丰速运,食品,合同物流,1414kg,1.24m³,4417元,2126元,2025-12-12 16:27,2025-08-04 17:45,2025-12-12 16:27,2025-08-23 05:43,已退回,陈芳,1469km,余杭网点,朝阳网点,货物损坏,中
WLYD7392715,深圳天河区,杭州天河区,黄静,EMP_073,杨敏贸易公司,顺丰速运,电子产品,零担,454kg,9.57m³,4455元,1401元,2026-12-19 02:24,2025-01-19 16:01,2026-12-19 02:24,2025-09-16 06:01,已签收,李敏,729km,浦东网点,南山网点,超时派送,低
WLYD6264197,广州南山区,杭州南山区,刘洋,EMP_061,周强贸易公司,顺丰速运,建材,整车,3397kg,3.32m³,4825元,142元,2026-04-23 23:51,2025-10-12 19:04,2026-04-23 23:51,2025-04-23 17:27,派送中,陈磊,1604km,朝阳网点,浦东网点,货物损坏,高
WLYD3171204,深圳余杭区,杭州余杭区,刘洋,EMP_070,杨伟贸易公司,顺丰速运,食品,合同物流,4630kg,5.92m³,3984元,2394元,2025-04-02 17:27,2025-06-02 07:12,2025-04-02 17:27,2026-08-06 19:16,派送中,陈娜,591km,朝阳网点,鼓楼网点,运费异常,低
WLYD9391557,南京朝阳区,深圳朝阳区,刘芳,EMP_055,杨强贸易公司,顺丰速运,食品,整车,3961kg,9.06m³,4427元,4364元,2026-12-06 21:42,2026-06-01 19:16,2026-12-06 21:42,2025-12-21 23:29,派送中,刘丽,557km,余杭网点,朝阳网点,包装破损,高
WLYD2299599,深圳鼓楼区,广州余杭区,吴强,EMP_057,李敏贸易公司,顺丰速运,建材,零担,4797kg,6.41m³,1225元,329元,2025-06-18 13:03,2025-01-24 07:59,2025-06-18 13:03,2025-01-08 00:23,已退回,张芳,277km,南山网点,朝阳网点,未及时签收,高
WLYD9770316,上海朝阳区,南京天河区,张敏,EMP_066,杨丽贸易公司,顺丰速运,建材,合同物流,1243kg,0.87m³,805元,2548元,2026-02-14 05:23,2025-06-28 10:31,2026-02-14 05:23,2025-01-27 14:37,已签收,张磊,1929km,浦东网点,天河网点,重量异常,低
WLYD4822406,广州南山区,广州鼓楼区,陈磊,EMP_005,赵强贸易公司,顺丰速运,服装,零担,2397kg,4.38m³,3770元,2467元,2026-08-18 11:32,2025-09-19 06:12,2026-08-18 11:32,2025-01-27 08:34,已退回,周芳,1821km,朝阳网点,余杭网点,重量异常,中
WLYD2960304,杭州南山区,杭州余杭区,杨洋,EMP_007,刘洋贸易公司,顺丰速运,食品,零担,226kg,6.07m³,1609元,2268元,2025-12-18 09:50,2025-07-15 02:57,2025-12-18 09:50,2026-07-11 13:45,已签收,陈丽,269km,浦东网点,鼓楼网点,重量异常,中
WLYD9739386,北京南山区,上海鼓楼区,杨伟,EMP_039,杨伟贸易公司,顺丰速运,建材,整车,3588kg,0.71m³,4058元,4549元,2026-05-19 18:11,2025-01-14 23:57,2026-05-19 18:11,2026-09-15 02:57,已签收,张芳,1024km,鼓楼网点,余杭网点,虚假签收,低
WLYD6051179,深圳朝阳区,上海余杭区,吴芳,EMP_054,刘芳贸易公司,顺丰速运,建材,整车,4023kg,2.56m³,4838元,428元,2026-08-18 00:49,2026-11-27 12:09,2026-08-18 00:49,2025-01-18 16:38,已签收,杨秀英,1319km,余杭网点,天河网点,重量异常,中
WLYD8028324,上海南山区,杭州天河区,陈伟,EMP_069,赵芳贸易公司,顺丰速运,食品,零担,909kg,4.19m³,4742元,4594元,2026-12-05 16:50,2026-07-25 01:41,2026-12-05 16:50,2026-03-27 23:47,派送中,李芳,484km,南山网点,鼓楼网点,运费异常,低
WLYD1686013,深圳南山区,上海朝阳区,杨秀英,EMP_021,王洋贸易公司,顺丰速运,化工品,整车,3336kg,8.95m³,4532元,3963元,2026-02-06 18:00,2025-10-10 13:46,2026-02-06 18:00,2026-10-26 02:04,已退回,王静,804km,南山网点,南山网点,重量异常,中
WLYD8568609,北京南山区,深圳鼓楼区,张敏,EMP_030,刘磊贸易公司,顺丰速运,服装,合同物流,604kg,4.87m³,3079元,1588元,2025-10-22 01:35,2026-01-21 11:53,2025-10-22 01:35,2025-04-26 17:29,派送中,刘静,68km,鼓楼网点,浦东网点,虚假签收,低
WLYD6584489,北京南山区,深圳南山区,赵静,EMP_012,杨磊贸易公司,顺丰速运,建材,合同物流,4404kg,4.24m³,3707元,3515元,2025-11-02 11:38,2026-12-03 11:47,2025-11-02 11:38,2025-03-18 19:17,已退回,周秀英,1006km,余杭网点,鼓楼网点,货物损坏,低
WLYD6547201,广州天河区,北京鼓楼区,张洋,EMP_092,李静贸易公司,顺丰速运,服装,零担,2162kg,2.26m³,531元,2890元,2026-05-19 05:49,2025-08-15 07:02,2026-05-19 05:49,2026-06-26 16:12,派送中,赵洋,906km,鼓楼网点,浦东网点,包装破损,高
WLYD7148452,上海南山区,深圳鼓楼区,杨娜,EMP_053,刘敏贸易公司,顺丰速运,食品,合同物流,4241kg,7.44m³,1394元,3768元,2026-09-25 11:27,2025-06-22 12:27,2026-09-25 11:27,2025-04-03 15:17,已退回,周静,1955km,余杭网点,余杭网点,货物损坏,中
WLYD9409720,上海天河区,深圳南山区,刘娜,EMP_080,王强贸易公司,顺丰速运,化工品,合同物流,743kg,4.83m³,2624元,4790元,2025-03-23 16:17,2025-04-08 23:32,2025-03-23 16:17,2025-03-11 13:25,派送中,张芳,1322km,朝阳网点,浦东网点,路线异常,高
WLYD8325147,上海天河区,深圳天河区,李芳,EMP_078,陈强贸易公司,顺丰速运,食品,整车,795kg,6.80m³,2262元,569元,2025-07-10 13:04,2025-10-09 09:06,2025-07-10 13:04,2025-11-15 14:49,已退回,杨伟,1642km,浦东网点,南山网点,路线异常,高
WLYD3887636,南京南山区,上海朝阳区,杨芳,EMP_007,吴洋贸易公司,顺丰速运,食品,合同物流,2758kg,5.44m³,1972元,3225元,2026-09-23 11:28,2025-03-27 02:55,2026-09-23 11:28,2026-10-05 02:39,已退回,吴磊,981km,天河网点,余杭网点,路线异常,中
WLYD4146539,深圳浦东新区,广州南山区,王芳,EMP_059,刘娜贸易公司,顺丰速运,电子产品,合同物流,283kg,4.07m³,2989元,2852元,2025-09-15 14:10,2025-10-28 22:41,2025-09-15 14:10,2026-04-04 15:38,已签收,黄娜,434km,朝阳网点,天河网点,包装破损,低
WLYD9782808,杭州余杭区,杭州浦东新区,刘磊,EMP_083,李静贸易公司,顺丰速运,化工品,整车,2286kg,4.52m³,2993元,459元,2025-07-16 19:54,2026-03-17 10:55,2025-07-16 19:54,2026-06-13 18:56,已签收,刘强,1545km,朝阳网点,鼓楼网点,虚假签收,中
WLYD3325600,深圳天河区,上海天河区,黄伟,EMP_036,周娜贸易公司,顺丰速运,服装,整车,880kg,9.16m³,3815元,1490元,2026-12-27 13:16,2026-05-16 10:32,2026-12-27 13:16,2025-02-23 15:22,已签收,李丽,1790km,朝阳网点,南山网点,重量异常,中
WLYD8369740,上海鼓楼区,北京浦东新区,周强,EMP_076,杨洋贸易公司,顺丰速运,电子产品,整车,992kg,3.30m³,4236元,3501元,2026-02-28 01:42,2025-05-12 07:28,2026-02-28 01:42,2025-07-28 00:19,已退回,陈伟,765km,余杭网点,朝阳网点,超时派送,低
WLYD9554304,南京鼓楼区,深圳余杭区,赵娜,EMP_053,吴洋贸易公司,顺丰速运,电子产品,零担,1366kg,9.05m³,4236元,4208元,2025-09-08 22:50,2025-03-18 12:01,2025-09-08 22:50,2026-08-08 20:24,派送中,刘娜,1640km,南山网点,鼓楼网点,路线异常,高
WLYD2495219,上海余杭区,广州天河区,陈娜,EMP_065,李强贸易公司,顺丰速运,电子产品,合同物流,620kg,5.37m³,4420元,3945元,2025-04-01 18:57,2025-08-19 21:05,2025-04-01 18:57,2025-10-09 16:53,派送中,刘磊,611km,南山网点,天河网点,货物损坏,高
WLYD3672729,北京南山区,北京余杭区,陈秀英,EMP_031,刘娜贸易公司,顺丰速运,食品,合同物流,4198kg,2.18m³,882元,202元,2025-04-06 22:29,2025-09-15 00:52,2025-04-06 22:29,2026-02-08 10:13,已退回,王娜,1861km,南山网点,余杭网点,超时派送,中
WLYD5669963,北京朝阳区,南京浦东新区,王强,EMP_035,黄娜贸易公司,顺丰速运,食品,合同物流,1986kg,9.63m³,2047元,3561元,2026-04-04 17:31,2025-01-20 20:52,2026-04-04 17:31,2025-07-15 11:38,派送中,杨洋,635km,浦东网点,浦东网点,路线异常,高
WLYD4953773,广州天河区,南京天河区,张娜,EMP_089,刘娜贸易公司,顺丰速运,食品,整车,1036kg,9.24m³,1294元,819元,2025-09-26 19:30,2026-02-25 16:20,2025-09-26 19:30,2025-09-19 00:37,派送中,赵秀英,530km,浦东网点,余杭网点,运费异常,中
WLYD2475171,南京天河区,深圳朝阳区,刘磊,EMP_050,吴洋贸易公司,顺丰速运,服装,整车,4660kg,2.31m³,3466元,1099元,2026-11-05 08:02,2025-06-04 01:28,2026-11-05 08:02,2026-09-22 18:43,已退回,陈伟,1227km,浦东网点,鼓楼网点,运费异常,低
WLYD9930720,上海天河区,上海余杭区,张伟,EMP_064,陈敏贸易公司,顺丰速运,服装,零担,3467kg,7.39m³,1786元,4225元,2025-08-22 08:50,2025-03-08 01:35,2025-08-22 08:50,2025-03-06 16:25,已签收,吴敏,943km,朝阳网点,余杭网点,货物损坏,高
WLYD6993266,北京余杭区,广州南山区,王娜,EMP_049,吴芳贸易公司,顺丰速运,建材,整车,1262kg,6.88m³,1408元,752元,2025-12-11 21:52,2025-10-08 16:57,2025-12-11 21:52,2025-10-10 17:31,派送中,李芳,78km,余杭网点,南山网点,货物损坏,低
WLYD6590627,广州天河区,北京鼓楼区,杨伟,EMP_093,刘洋贸易公司,顺丰速运,电子产品,整车,2458kg,7.28m³,3979元,3775元,2026-10-18 06:45,2025-06-26 08:10,2026-10-18 06:45,2026-07-09 10:52,已签收,杨敏,485km,天河网点,鼓楼网点,包装破损,高
WLYD5039454,南京浦东新区,上海浦东新区,陈芳,EMP_037,张秀英贸易公司,顺丰速运,化工品,零担,2442kg,5.72m³,203元,1790元,2025-06-27 21:19,2025-09-07 23:47,2025-06-27 21:19,2025-04-09 17:46,已签收,李磊,985km,南山网点,天河网点,虚假签收,中
WLYD6610987,深圳南山区,广州鼓楼区,吴静,EMP_065,杨芳贸易公司,顺丰速运,食品,合同物流,3148kg,8.66m³,3505元,3777元,2025-05-09 08:43,2026-08-25 08:08,2025-05-09 08:43,2025-06-17 01:43,已退回,赵敏,1549km,朝阳网点,朝阳网点,重量异常,中
WLYD3215854,北京天河区,上海余杭区,李芳,EMP_018,王娜贸易公司,顺丰速运,建材,合同物流,3904kg,7.37m³,2779元,2316元,2026-05-12 06:43,2026-07-05 15:08,2026-05-12 06:43,2025-05-13 15:58,已签收,黄娜,1826km,天河网点,天河网点,重量异常,低
WLYD8030346,杭州鼓楼区,北京天河区,赵芳,EMP_030,刘娜贸易公司,顺丰速运,建材,整车,1233kg,9.30m³,3270元,2361元,2026-10-15 08:53,2026-07-07 08:50,2026-10-15 08:53,2026-05-10 22:27,已签收,赵娜,856km,鼓楼网点,余杭网点,虚假签收,高
WLYD2280768,广州鼓楼区,广州鼓楼区,赵洋,EMP_095,黄娜贸易公司,顺丰速运,建材,整车,520kg,0.70m³,2781元,834元,2025-02-24 09:06,2026-12-24 13:25,2025-02-24 09:06,2025-10-20 03:41,派送中,张伟,1849km,南山网点,余杭网点,虚假签收,高
WLYD3809771,上海朝阳区,南京鼓楼区,黄静,EMP_091,张磊贸易公司,顺丰速运,电子产品,整车,3555kg,7.47m³,2656元,3834元,2026-11-16 08:03,2025-09-24 00:08,2026-11-16 08:03,2025-03-10 11:09,已退回,杨伟,1241km,浦东网点,鼓楼网点,包装破损,高
WLYD9619091,上海天河区,杭州天河区,张娜,EMP_084,杨娜贸易公司,顺丰速运,食品,合同物流,230kg,9.86m³,2168元,3693元,2025-05-08 01:15,2026-02-03 07:25,2025-05-08 01:15,2026-02-20 01:16,已退回,陈娜,1489km,余杭网点,浦东网点,包装破损,高
WLYD9228796,深圳余杭区,上海浦东新区,张洋,EMP_070,王洋贸易公司,顺丰速运,建材,合同物流,1886kg,1.93m³,653元,228元,2025-01-02 11:25,2026-11-28 18:29,2025-01-02 11:25,2026-12-19 15:43,已退回,张伟,56km,朝阳网点,浦东网点,货物损坏,高
WLYD6615620,广州鼓楼区,北京南山区,李秀英,EMP_024,黄洋贸易公司,顺丰速运,服装,整车,3984kg,5.88m³,2830元,1903元,2025-01-01 11:18,2026-06-15 08:26,2025-01-01 11:18,2026-01-09 15:30,派送中,李秀英,247km,朝阳网点,南山网点,货物损坏,低
WLYD6609513,广州天河区,上海鼓楼区,张洋,EMP_087,刘磊贸易公司,顺丰速运,化工品,合同物流,1801kg,7.44m³,4049元,3591元,2026-03-14 19:59,2026-04-26 12:52,2026-03-14 19:59,2025-09-12 04:56,已退回,赵磊,443km,鼓楼网点,南山网点,路线异常,高
WLYD1817352,杭州余杭区,深圳南山区,王洋,EMP_025,陈秀英贸易公司,顺丰速运,化工品,零担,2809kg,5.96m³,3624元,1809元,2025-02-13 15:40,2026-06-17 10:20,2025-02-13 15:40,2025-01-06 20:25,已签收,陈秀英,1878km,天河网点,南山网点,包装破损,高
WLYD9351106,上海朝阳区,杭州朝阳区,周秀英,EMP_090,王娜贸易公司,顺丰速运,建材,整车,2846kg,6.72m³,883元,4165元,2025-05-02 10:11,2026-10-19 12:13,2025-05-02 10:11,2025-03-23 15:35,派送中,刘秀英,118km,鼓楼网点,朝阳网点,包装破损,低
WLYD2681222,北京鼓楼区,上海天河区,吴强,EMP_017,赵敏贸易公司,顺丰速运,化工品,整车,830kg,1.90m³,1335元,1146元,2025-02-02 18:33,2025-06-14 02:17,2025-02-02 18:33,2025-10-20 18:56,派送中,杨磊,77km,余杭网点,天河网点,路线异常,低
WLYD1433388,北京余杭区,杭州浦东新区,周静,EMP_012,张敏贸易公司,顺丰速运,服装,整车,2143kg,3.75m³,2051元,192元,2026-08-08 23:13,2026-03-10 19:30,2026-08-08 23:13,2025-04-11 20:30,派送中,赵芳,1696km,余杭网点,余杭网点,包装破损,高
WLYD3553144,南京浦东新区,广州南山区,刘敏,EMP_090,杨静贸易公司,顺丰速运,服装,整车,2943kg,6.84m³,865元,663元,2026-08-18 17:42,2026-01-14 19:09,2026-08-18 17:42,2026-05-21 12:08,已退回,刘强,600km,鼓楼网点,浦东网点,虚假签收,高
WLYD3071702,杭州余杭区,上海朝阳区,张磊,EMP_034,黄芳贸易公司,顺丰速运,电子产品,零担,3789kg,1.25m³,3253元,1434元,2025-10-13 08:57,2026-07-08 03:57,2025-10-13 08:57,2025-10-12 17:56,派送中,刘芳,1103km,浦东网点,朝阳网点,重量异常,高
WLYD9229559,南京浦东新区,深圳南山区,杨秀英,EMP_010,刘伟贸易公司,顺丰速运,电子产品,整车,4109kg,0.59m³,3380元,794元,2025-07-23 23:49,2026-02-23 01:57,2025-07-23 23:49,2026-01-28 22:31,已退回,刘伟,1692km,鼓楼网点,余杭网点,重量异常,高
WLYD4556933,广州天河区,北京浦东新区,王静,EMP_057,周敏贸易公司,顺丰速运,建材,整车,4351kg,7.10m³,3399元,1265元,2026-10-15 14:39,2025-02-03 20:55,2026-10-15 14:39,2025-10-10 15:36,已签收,王洋,1301km,朝阳网点,朝阳网点,未及时签收,高
WLYD3529537,南京浦东新区,南京鼓楼区,周敏,EMP_073,杨娜贸易公司,顺丰速运,化工品,合同物流,4856kg,7.55m³,4223元,378元,2025-07-13 13:11,2026-03-21 11:56,2025-07-13 13:11,2025-02-09 15:31,已签收,赵洋,734km,浦东网点,鼓楼网点,货物损坏,高
WLYD1703516,上海余杭区,北京天河区,周芳,EMP_020,赵秀英贸易公司,顺丰速运,化工品,整车,4675kg,5.52m³,2606元,4211元,2026-04-12 08:01,2026-10-04 00:30,2026-04-12 08:01,2026-06-05 05:16,已签收,李强,521km,鼓楼网点,鼓楼网点,虚假签收,高
WLYD8546214,上海朝阳区,深圳浦东新区,张娜,EMP_018,杨芳贸易公司,顺丰速运,食品,整车,1102kg,6.68m³,4504元,3477元,2025-06-16 15:13,2026-06-01 17:35,2025-06-16 15:13,2025-12-18 08:48,派送中,刘敏,882km,朝阳网点,浦东网点,货物损坏,低
WLYD1304719,南京鼓楼区,杭州天河区,赵丽,EMP_060,王静贸易公司,顺丰速运,建材,合同物流,2456kg,1.78m³,1922元,381元,2025-09-24 05:33,2026-11-25 05:53,2025-09-24 05:33,2025-02-15 06:02,派送中,周秀英,1926km,余杭网点,鼓楼网点,路线异常,高
WLYD3953338,深圳鼓楼区,上海天河区,杨芳,EMP_011,张丽贸易公司,顺丰速运,电子产品,零担,2494kg,6.40m³,4476元,4025元,2026-08-27 15:53,2026-12-11 15:07,2026-08-27 15:53,2025-05-28 12:36,已签收,王敏,1667km,朝阳网点,朝阳网点,虚假签收,高
WLYD7609398,北京余杭区,南京余杭区,周丽,EMP_056,王丽贸易公司,顺丰速运,服装,合同物流,2850kg,1.44m³,2410元,3885元,2026-11-17 18:47,2026-06-21 06:46,2026-11-17 18:47,2025-04-11 04:00,已退回,吴磊,1767km,鼓楼网点,浦东网点,虚假签收,低
WLYD1799042,南京朝阳区,上海鼓楼区,黄芳,EMP_047,王敏贸易公司,顺丰速运,食品,合同物流,2402kg,3.39m³,912元,722元,2025-01-27 03:18,2025-05-01 19:37,2025-01-27 03:18,2025-11-08 21:04,派送中,周娜,422km,余杭网点,朝阳网点,重量异常,中
WLYD6797418,广州南山区,上海鼓楼区,黄伟,EMP_010,吴磊贸易公司,顺丰速运,服装,合同物流,2337kg,9.60m³,4262元,2774元,2026-12-21 10:31,2025-06-06 01:11,2026-12-21 10:31,2025-06-24 13:53,已退回,吴敏,1250km,浦东网点,鼓楼网点,重量异常,低
WLYD6030768,杭州浦东新区,杭州鼓楼区,赵磊,EMP_011,杨静贸易公司,顺丰速运,电子产品,合同物流,1048kg,0.10m³,2991元,1649元,2026-08-17 21:43,2026-09-22 08:36,2026-08-17 21:43,2026-10-28 02:36,已退回,张伟,613km,余杭网点,浦东网点,运费异常,高
WLYD3379646,北京天河区,北京鼓楼区,黄伟,EMP_064,陈娜贸易公司,顺丰速运,电子产品,零担,1607kg,3.17m³,4944元,1966元,2025-11-23 23:05,2025-10-13 10:25,2025-11-23 23:05,2025-11-05 12:37,已退回,张强,505km,南山网点,浦东网点,路线异常,中
WLYD1255871,深圳朝阳区,北京鼓楼区,张芳,EMP_015,王秀英贸易公司,顺丰速运,电子产品,零担,1180kg,9.64m³,1656元,889元,2025-11-17 11:36,2026-11-15 19:25,2025-11-17 11:36,2025-09-05 03:35,已签收,杨强,912km,鼓楼网点,余杭网点,未及时签收,中
WLYD9703930,深圳浦东新区,杭州朝阳区,赵娜,EMP_063,陈秀英贸易公司,顺丰速运,化工品,合同物流,777kg,0.13m³,4455元,3913元,2026-07-09 16:25,2026-08-02 21:45,2026-07-09 16:25,2026-06-13 19:26,已签收,王秀英,720km,朝阳网点,余杭网点,运费异常,中
WLYD2714308,深圳南山区,北京南山区,杨芳,EMP_090,王磊贸易公司,顺丰速运,服装,零担,4454kg,1.39m³,2990元,4711元,2025-08-19 15:29,2025-05-28 19:23,2025-08-19 15:29,2026-12-14 21:24,已签收,李敏,1978km,天河网点,余杭网点,货物损坏,中
WLYD2557277,广州余杭区,杭州朝阳区,张强,EMP_055,黄静贸易公司,顺丰速运,电子产品,合同物流,4397kg,7.20m³,2095元,3231元,2025-11-18 00:29,2025-11-25 04:44,2025-11-18 00:29,2025-04-07 20:36,派送中,陈娜,1768km,朝阳网点,鼓楼网点,虚假签收,低
WLYD3668477,北京天河区,广州鼓楼区,赵娜,EMP_080,刘秀英贸易公司,顺丰速运,电子产品,整车,2501kg,6.17m³,2846元,1902元,2025-11-01 11:38,2026-05-13 21:32,2025-11-01 11:38,2026-06-27 20:34,已退回,黄丽,644km,浦东网点,余杭网点,包装破损,低
WLYD6495096,深圳南山区,南京余杭区,杨芳,EMP_067,王娜贸易公司,顺丰速运,化工品,零担,919kg,0.62m³,1680元,1248元,2025-03-23 22:46,2026-04-25 16:31,2025-03-23 22:46,2025-12-19 00:43,已退回,吴静,589km,鼓楼网点,鼓楼网点,货物损坏,高
WLYD1761560,北京余杭区,北京朝阳区,赵伟,EMP_092,周丽贸易公司,顺丰速运,化工品,零担,2369kg,0.78m³,917元,2996元,2025-11-16 08:55,2025-10-23 10:11,2025-11-16 08:55,2025-05-08 00:01,已退回,李敏,126km,余杭网点,朝阳网点,货物损坏,高
WLYD2168450,深圳浦东新区,杭州余杭区,张娜,EMP_010,刘洋贸易公司,顺丰速运,食品,合同物流,334kg,3.45m³,3179元,3351元,2025-04-20 18:25,2025-11-07 10:10,2025-04-20 18:25,2026-06-05 12:18,派送中,赵芳,870km,浦东网点,鼓楼网点,重量异常,高
WLYD1325946,深圳鼓楼区,北京余杭区,王强,EMP_047,陈静贸易公司,顺丰速运,电子产品,零担,1106kg,9.42m³,1257元,3606元,2026-05-25 02:32,2026-07-21 16:02,2026-05-25 02:32,2026-12-06 08:19,派送中,陈丽,1378km,南山网点,余杭网点,包装破损,低
WLYD8146733,北京朝阳区,杭州鼓楼区,陈强,EMP_095,张芳贸易公司,顺丰速运,食品,零担,3078kg,3.40m³,1445元,1327元,2026-02-18 21:42,2026-10-13 20:53,2026-02-18 21:42,2026-02-09 05:46,已退回,陈磊,1709km,朝阳网点,鼓楼网点,未及时签收,中
WLYD9210264,深圳浦东新区,深圳天河区,黄芳,EMP_029,陈强贸易公司,顺丰速运,服装,零担,2447kg,7.73m³,3513元,555元,2025-07-13 19:35,2026-10-12 16:21,2025-07-13 19:35,2025-05-11 21:12,已退回,吴磊,285km,鼓楼网点,天河网点,路线异常,中
WLYD3470750,上海南山区,南京浦东新区,李丽,EMP_021,李强贸易公司,顺丰速运,电子产品,零担,4313kg,4.92m³,4742元,4669元,2025-07-19 13:03,2025-01-11 13:12,2025-07-19 13:03,2026-12-11 08:39,已签收,赵娜,970km,南山网点,余杭网点,未及时签收,中
WLYD5675888,广州朝阳区,广州南山区,张强,EMP_028,黄秀英贸易公司,顺丰速运,电子产品,整车,2821kg,9.43m³,612元,4517元,2026-02-12 00:10,2026-04-01 01:49,2026-02-12 00:10,2025-08-01 16:10,已签收,陈静,1287km,天河网点,朝阳网点,路线异常,中
WLYD4446747,深圳鼓楼区,上海鼓楼区,王芳,EMP_045,陈娜贸易公司,顺丰速运,电子产品,整车,4537kg,8.94m³,1346元,2044元,2025-07-03 13:53,2025-09-06 02:44,2025-07-03 13:53,2025-10-15 05:57,已签收,杨洋,945km,朝阳网点,南山网点,虚假签收,高
WLYD7910475,南京浦东新区,广州鼓楼区,黄洋,EMP_089,周丽贸易公司,顺丰速运,化工品,合同物流,2267kg,0.03m³,2832元,1344元,2025-10-27 16:19,2026-01-17 23:47,2025-10-27 16:19,2026-06-25 02:54,已签收,周敏,1158km,余杭网点,余杭网点,超时派送,低
WLYD7688706,深圳天河区,南京浦东新区,刘秀英,EMP_067,刘娜贸易公司,顺丰速运,食品,零担,2253kg,7.37m³,1845元,1936元,2025-05-10 22:36,2026-02-06 08:40,2025-05-10 22:36,2026-10-05 14:24,已退回,吴磊,654km,朝阳网点,朝阳网点,重量异常,高
WLYD1215048,北京天河区,杭州朝阳区,杨伟,EMP_055,张伟贸易公司,顺丰速运,服装,合同物流,4480kg,0.68m³,4366元,1476元,2026-12-02 19:52,2026-08-25 20:10,2026-12-02 19:52,2025-12-28 05:56,派送中,赵芳,1741km,鼓楼网点,天河网点,超时派送,低
WLYD9966367,广州天河区,南京余杭区,张洋,EMP_072,周磊贸易公司,顺丰速运,电子产品,合同物流,2168kg,7.50m³,1387元,943元,2025-10-03 10:51,2026-01-18 01:31,2025-10-03 10:51,2025-08-26 21:31,已退回,周伟,1908km,朝阳网点,浦东网点,包装破损,低
WLYD5913141,上海天河区,广州余杭区,张磊,EMP_007,陈秀英贸易公司,顺丰速运,服装,零担,4320kg,8.85m³,2479元,3027元,2026-07-02 07:45,2025-02-26 23:45,2026-07-02 07:45,2026-06-25 19:50,已签收,赵强,288km,余杭网点,天河网点,包装破损,低
WLYD1147486,上海余杭区,南京天河区,黄敏,EMP_036,张敏贸易公司,顺丰速运,化工品,合同物流,1088kg,6.20m³,1694元,4660元,2026-07-17 22:50,2025-01-15 02:26,2026-07-17 22:50,2025-12-03 08:31,已退回,刘磊,1254km,浦东网点,朝阳网点,虚假签收,高
WLYD1042752,南京余杭区,上海朝阳区,吴强,EMP_028,吴磊贸易公司,顺丰速运,建材,零担,818kg,1.43m³,2660元,1355元,2025-06-07 10:10,2025-10-19 02:25,2025-06-07 10:10,2025-10-09 07:50,已退回,李静,488km,余杭网点,余杭网点,包装破损,低
WLYD6440502,深圳鼓楼区,南京余杭区,杨敏,EMP_039,陈静贸易公司,顺丰速运,化工品,整车,744kg,8.75m³,1483元,1031元,2026-01-14 09:32,2025-11-07 22:45,2026-01-14 09:32,2026-03-27 07:04,已退回,黄强,737km,南山网点,鼓楼网点,重量异常,低
WLYD1637774,杭州余杭区,广州南山区,赵娜,EMP_095,陈伟贸易公司,顺丰速运,电子产品,整车,3256kg,1.25m³,4997元,736元,2026-09-25 08:11,2025-09-28 03:51,2026-09-25 08:11,2025-05-26 16:58,派送中,王静,191km,鼓楼网点,浦东网点,货物损坏,低
WLYD2510708,杭州鼓楼区,上海南山区,王娜,EMP_072,杨洋贸易公司,顺丰速运,电子产品,合同物流,4644kg,5.96m³,3251元,4225元,2025-08-09 13:01,2026-06-02 15:00,2025-08-09 13:01,2026-12-27 19:39,派送中,陈丽,718km,天河网点,鼓楼网点,未及时签收,高
WLYD5445659,北京鼓楼区,上海浦东新区,王磊,EMP_059,吴静贸易公司,顺丰速运,化工品,零担,576kg,3.74m³,2070元,2729元,2026-04-14 16:32,2026-07-09 08:07,2026-04-14 16:32,2026-01-10 17:09,已签收,周芳,897km,余杭网点,浦东网点,重量异常,低
WLYD8745047,南京鼓楼区,杭州天河区,赵静,EMP_048,黄秀英贸易公司,顺丰速运,电子产品,零担,2941kg,5.51m³,2500元,1260元,2025-07-02 17:35,2026-08-27 17:42,2025-07-02 17:35,2026-07-03 09:03,已签收,赵磊,516km,余杭网点,浦东网点,重量异常,高
WLYD6850622,南京鼓楼区,南京浦东新区,黄洋,EMP_081,吴丽贸易公司,顺丰速运,食品,合同物流,2903kg,7.99m³,2200元,4450元,2026-11-09 09:12,2025-08-14 01:26,2026-11-09 09:12,2025-11-23 16:24,已签收,杨强,674km,鼓楼网点,余杭网点,未及时签收,中
WLYD4080019,深圳朝阳区,上海朝阳区,刘静,EMP_013,吴静贸易公司,顺丰速运,服装,零担,4021kg,3.29m³,2109元,3220元,2026-03-16 22:01,2026-07-17 21:52,2026-03-16 22:01,2026-11-23 21:14,已签收,杨洋,758km,天河网点,鼓楼网点,超时派送,中
WLYD5956096,深圳鼓楼区,北京天河区,杨静,EMP_024,杨丽贸易公司,顺丰速运,食品,合同物流,518kg,7.78m³,1071元,4068元,2026-04-14 19:21,2026-09-09 17:56,2026-04-14 19:21,2025-11-02 14:38,已退回,周芳,1431km,南山网点,朝阳网点,路线异常,低
WLYD5591894,杭州余杭区,南京天河区,王伟,EMP_071,刘洋贸易公司,顺丰速运,食品,零担,515kg,8.42m³,775元,3298元,2026-05-13 08:00,2026-10-11 04:51,2026-05-13 08:00,2026-06-07 15:14,派送中,周静,591km,天河网点,鼓楼网点,超时派送,低
WLYD8602767,广州余杭区,广州朝阳区,刘丽,EMP_028,吴秀英贸易公司,顺丰速运,化工品,零担,2704kg,1.60m³,537元,568元,2025-08-05 20:02,2026-05-11 22:29,2025-08-05 20:02,2026-02-04 20:32,已退回,张芳,1831km,天河网点,南山网点,重量异常,中
WLYD9030564,北京浦东新区,深圳朝阳区,刘娜,EMP_059,王秀英贸易公司,顺丰速运,电子产品,合同物流,4399kg,5.02m³,4935元,2588元,2025-10-26 08:13,2025-08-17 08:26,2025-10-26 08:13,2026-01-22 22:23,已退回,杨磊,253km,浦东网点,余杭网点,未及时签收,中
WLYD8087024,杭州浦东新区,广州浦东新区,张芳,EMP_090,张伟贸易公司,顺丰速运,电子产品,整车,4836kg,0.24m³,4527元,4071元,2026-02-24 23:08,2025-04-12 06:15,2026-02-24 23:08,2026-09-22 04:35,派送中,李静,1251km,南山网点,浦东网点,路线异常,低
WLYD3229718,上海余杭区,上海南山区,赵丽,EMP_088,陈洋贸易公司,顺丰速运,食品,零担,3959kg,9.50m³,1665元,722元,2026-07-18 00:28,2026-04-18 02:12,2026-07-18 00:28,2026-12-02 15:12,已签收,张伟,1288km,朝阳网点,南山网点,超时派送,中
WLYD9227935,北京浦东新区,南京浦东新区,刘娜,EMP_065,陈静贸易公司,顺丰速运,建材,合同物流,1092kg,8.25m³,4477元,895元,2025-02-15 15:13,2025-09-01 15:30,2025-02-15 15:13,2025-04-24 18:59,已退回,陈芳,1696km,余杭网点,南山网点,虚假签收,低
WLYD1316716,深圳余杭区,深圳天河区,张洋,EMP_036,张洋贸易公司,顺丰速运,建材,整车,2565kg,4.04m³,1837元,2014元,2025-04-06 05:55,2025-11-03 15:02,2025-04-06 05:55,2025-10-12 04:12,派送中,吴洋,1824km,南山网点,朝阳网点,包装破损,高
WLYD1671131,北京朝阳区,上海朝阳区,赵丽,EMP_044,黄静贸易公司,顺丰速运,建材,合同物流,3592kg,2.02m³,4627元,3535元,2025-11-23 12:35,2026-12-21 16:34,2025-11-23 12:35,2025-05-28 07:06,已退回,陈芳,1457km,浦东网点,南山网点,包装破损,中
WLYD1797193,杭州余杭区,上海朝阳区,张强,EMP_072,李洋贸易公司,顺丰速运,食品,合同物流,4121kg,2.36m³,905元,471元,2025-08-22 21:01,2026-09-13 17:03,2025-08-22 21:01,2025-09-15 01:32,已退回,李洋,840km,朝阳网点,鼓楼网点,虚假签收,高
WLYD6056302,上海浦东新区,深圳朝阳区,杨静,EMP_098,陈丽贸易公司,顺丰速运,电子产品,合同物流,4366kg,2.46m³,4777元,3509元,2026-11-28 18:53,2026-07-11 09:42,2026-11-28 18:53,2025-03-16 23:23,已签收,周敏,1278km,余杭网点,浦东网点,超时派送,高
WLYD8138175,北京朝阳区,南京浦东新区,杨丽,EMP_050,吴静贸易公司,顺丰速运,建材,合同物流,2611kg,4.60m³,2642元,1991元,2026-12-05 13:14,2026-09-26 10:31,2026-12-05 13:14,2025-12-11 16:12,已退回,周磊,1629km,南山网点,天河网点,运费异常,低
WLYD6654030,南京浦东新区,深圳鼓楼区,陈强,EMP_024,李伟贸易公司,顺丰速运,建材,合同物流,1061kg,8.37m³,528元,3757元,2026-06-09 23:54,2026-08-21 19:04,2026-06-09 23:54,2025-02-01 06:47,派送中,赵秀英,1166km,天河网点,余杭网点,未及时签收,高
WLYD3004676,广州浦东新区,广州天河区,王静,EMP_039,吴伟贸易公司,顺丰速运,化工品,合同物流,2580kg,7.64m³,2283元,4270元,2026-03-22 09:45,2026-03-07 13:02,2026-03-22 09:45,2026-11-14 03:29,已退回,李敏,384km,余杭网点,南山网点,包装破损,中
WLYD5562881,南京浦东新区,深圳余杭区,黄伟,EMP_001,黄敏贸易公司,顺丰速运,电子产品,合同物流,4818kg,4.18m³,638元,2582元,2026-10-20 21:47,2026-02-19 07:37,2026-10-20 21:47,2026-04-04 15:59,已退回,吴磊,1591km,浦东网点,天河网点,虚假签收,中
WLYD9786746,广州鼓楼区,广州余杭区,周秀英,EMP_020,陈强贸易公司,顺丰速运,服装,零担,2040kg,0.09m³,1983元,2903元,2026-05-21 19:26,2026-08-07 22:06,2026-05-21 19:26,2025-05-04 19:42,已签收,李洋,1956km,南山网点,鼓楼网点,运费异常,高
WLYD4576507,北京余杭区,广州天河区,刘静,EMP_011,陈强贸易公司,顺丰速运,电子产品,合同物流,4686kg,6.17m³,4155元,4014元,2026-10-16 14:28,2025-12-14 06:10,2026-10-16 14:28,2025-11-10 01:45,派送中,张强,1519km,天河网点,余杭网点,超时派送,高
WLYD3764356,广州浦东新区,杭州朝阳区,周敏,EMP_059,黄强贸易公司,顺丰速运,建材,整车,3964kg,7.97m³,3045元,2392元,2025-07-13 04:07,2025-07-19 14:07,2025-07-13 04:07,2025-09-22 22:01,派送中,周丽,1432km,南山网点,天河网点,超时派送,高
WLYD4781734,杭州余杭区,北京余杭区,刘秀英,EMP_099,吴丽贸易公司,顺丰速运,化工品,合同物流,2418kg,1.70m³,3732元,815元,2026-12-07 17:20,2026-10-18 12:30,2026-12-07 17:20,2026-07-18 09:38,已签收,刘丽,691km,南山网点,余杭网点,重量异常,高
WLYD9402761,深圳天河区,南京鼓楼区,陈秀英,EMP_093,吴丽贸易公司,顺丰速运,服装,零担,1878kg,5.47m³,4525元,3462元,2026-04-01 09:13,2025-06-04 14:59,2026-04-01 09:13,2026-09-16 00:11,已退回,王静,67km,天河网点,南山网点,包装破损,高
WLYD1099333,上海朝阳区,南京朝阳区,刘静,EMP_100,张磊贸易公司,顺丰速运,服装,整车,3049kg,7.41m³,3230元,989元,2026-03-04 07:28,2025-05-09 07:42,2026-03-04 07:28,2026-07-16 05:21,已退回,赵伟,914km,南山网点,天河网点,超时派送,低
WLYD7072308,南京浦东新区,广州鼓楼区,陈伟,EMP_079,李敏贸易公司,顺丰速运,服装,整车,4936kg,5.87m³,2042元,3757元,2026-11-08 21:20,2026-01-18 11:48,2026-11-08 21:20,2026-08-23 20:00,派送中,刘磊,768km,南山网点,鼓楼网点,重量异常,低
WLYD1638724,深圳余杭区,深圳浦东新区,李娜,EMP_083,张芳贸易公司,顺丰速运,服装,零担,4245kg,9.31m³,2937元,438元,2026-08-19 15:49,2025-02-20 17:28,2026-08-19 15:49,2025-07-11 08:21,已签收,周洋,1894km,天河网点,天河网点,虚假签收,低
WLYD7381529,广州鼓楼区,南京南山区,张伟,EMP_015,王静贸易公司,顺丰速运,建材,合同物流,1162kg,0.51m³,448元,934元,2026-12-13 18:27,2026-07-27 01:45,2026-12-13 18:27,2026-06-16 15:58,已退回,刘秀英,1030km,浦东网点,朝阳网点,未及时签收,低
WLYD8286453,广州余杭区,广州余杭区,黄洋,EMP_001,李秀英贸易公司,顺丰速运,服装,零担,2528kg,0.23m³,4861元,1804元,2025-05-06 00:57,2026-10-24 06:29,2025-05-06 00:57,2025-01-07 22:13,派送中,赵伟,261km,余杭网点,天河网点,未及时签收,高
WLYD7387191,广州南山区,广州余杭区,张秀英,EMP_023,杨伟贸易公司,顺丰速运,化工品,整车,4573kg,7.73m³,166元,2965元,2025-06-24 12:24,2025-10-20 09:39,2025-06-24 12:24,2026-01-25 17:05,派送中,陈洋,1780km,鼓楼网点,南山网点,包装破损,中
WLYD5848054,南京朝阳区,深圳南山区,李丽,EMP_035,张强贸易公司,顺丰速运,建材,整车,4772kg,3.54m³,3245元,3328元,2025-02-05 23:25,2026-04-09 00:48,2025-02-05 23:25,2025-03-13 02:04,已签收,张磊,550km,南山网点,鼓楼网点,货物损坏,低
WLYD9406956,北京朝阳区,上海余杭区,陈芳,EMP_096,张强贸易公司,顺丰速运,建材,整车,250kg,5.23m³,399元,2150元,2025-04-12 09:32,2026-10-02 06:05,2025-04-12 09:32,2025-03-08 21:19,已退回,李静,1830km,朝阳网点,浦东网点,货物损坏,低
WLYD8318120,广州浦东新区,北京朝阳区,吴敏,EMP_036,王磊贸易公司,顺丰速运,建材,合同物流,2651kg,7.03m³,4653元,717元,2025-05-03 01:08,2025-01-24 04:11,2025-05-03 01:08,2025-05-05 04:50,已签收,张秀英,1975km,余杭网点,鼓楼网点,虚假签收,低
WLYD4171121,上海朝阳区,深圳南山区,张磊,EMP_078,黄强贸易公司,顺丰速运,建材,整车,1955kg,0.76m³,183元,4571元,2025-06-28 02:16,2025-01-01 10:29,2025-06-28 02:16,2025-10-21 23:35,已签收,赵敏,1959km,鼓楼网点,南山网点,路线异常,中
WLYD5610837,北京鼓楼区,深圳浦东新区,王伟,EMP_094,刘娜贸易公司,顺丰速运,食品,合同物流,3842kg,0.30m³,2408元,3708元,2025-05-23 14:27,2025-02-18 08:54,2025-05-23 14:27,2026-05-05 00:31,派送中,吴静,340km,南山网点,鼓楼网点,货物损坏,低
WLYD5904198,北京浦东新区,深圳鼓楼区,刘敏,EMP_095,赵秀英贸易公司,顺丰速运,化工品,零担,4546kg,8.23m³,3956元,340元,2025-10-19 20:20,2026-12-08 00:47,2025-10-19 20:20,2026-02-27 08:59,已退回,赵洋,1559km,天河网点,南山网点,超时派送,高
WLYD8792203,广州余杭区,南京天河区,陈娜,EMP_031,黄芳贸易公司,顺丰速运,化工品,零担,3780kg,6.31m³,3797元,3278元,2026-09-21 10:29,2025-06-21 00:43,2026-09-21 10:29,2025-05-16 00:10,已签收,李秀英,901km,鼓楼网点,天河网点,未及时签收,低
WLYD6860628,杭州天河区,广州朝阳区,李敏,EMP_039,赵洋贸易公司,顺丰速运,电子产品,整车,3791kg,6.90m³,2378元,1874元,2025-01-07 04:38,2026-02-06 23:00,2025-01-07 04:38,2026-05-04 12:34,已签收,刘娜,664km,天河网点,鼓楼网点,未及时签收,低
WLYD8355533,广州朝阳区,杭州鼓楼区,黄强,EMP_033,赵娜贸易公司,顺丰速运,电子产品,整车,3956kg,7.69m³,1761元,325元,2026-10-22 21:22,2025-02-05 00:19,2026-10-22 21:22,2026-02-23 20:12,已退回,张磊,456km,余杭网点,鼓楼网点,货物损坏,高
WLYD9010913,南京南山区,北京天河区,周芳,EMP_064,陈静贸易公司,顺丰速运,建材,合同物流,1865kg,4.50m³,1501元,3282元,2025-01-02 02:10,2026-07-16 07:25,2025-01-02 02:10,2025-09-22 11:17,已退回,张静,107km,朝阳网点,朝阳网点,运费异常,低
WLYD2885967,杭州朝阳区,杭州南山区,张芳,EMP_056,赵敏贸易公司,顺丰速运,化工品,整车,4458kg,5.95m³,739元,2764元,2025-07-01 19:40,2025-12-13 06:01,2025-07-01 19:40,2025-05-12 23:04,派送中,赵敏,1782km,鼓楼网点,浦东网点,未及时签收,低
WLYD5713080,广州天河区,南京鼓楼区,张洋,EMP_061,李芳贸易公司,顺丰速运,服装,零担,1678kg,7.92m³,4321元,941元,2026-01-22 17:46,2026-06-23 02:18,2026-01-22 17:46,2025-05-13 02:49,派送中,刘强,889km,朝阳网点,天河网点,运费异常,低
WLYD5950740,杭州余杭区,深圳南山区,周敏,EMP_025,黄洋贸易公司,顺丰速运,食品,合同物流,1679kg,7.54m³,2765元,2730元,2025-02-16 11:17,2025-05-24 07:53,2025-02-16 11:17,2026-05-10 07:10,已签收,李丽,775km,余杭网点,余杭网点,包装破损,中
WLYD7886315,广州天河区,上海南山区,李静,EMP_100,吴洋贸易公司,顺丰速运,化工品,零担,3440kg,9.34m³,1501元,2441元,2025-02-27 11:32,2026-07-15 11:25,2025-02-27 11:32,2025-09-22 21:14,已签收,杨秀英,1447km,浦东网点,鼓楼网点,虚假签收,中
WLYD9209724,南京浦东新区,上海浦东新区,李洋,EMP_005,赵洋贸易公司,顺丰速运,服装,整车,4550kg,2.24m³,2945元,1920元,2025-09-03 18:49,2026-04-22 02:53,2025-09-03 18:49,2026-01-17 12:49,已退回,周静,386km,鼓楼网点,朝阳网点,重量异常,低
WLYD5303305,北京鼓楼区,南京浦东新区,吴磊,EMP_022,刘伟贸易公司,顺丰速运,化工品,零担,2243kg,2.19m³,2416元,2237元,2026-03-22 09:17,2025-12-28 17:32,2026-03-22 09:17,2025-12-16 07:49,派送中,王芳,1108km,余杭网点,浦东网点,包装破损,中
WLYD7198609,南京余杭区,北京南山区,陈伟,EMP_008,刘磊贸易公司,顺丰速运,食品,整车,4206kg,2.79m³,4841元,3459元,2026-01-20 20:22,2025-05-13 10:29,2026-01-20 20:22,2025-10-16 04:10,派送中,李芳,948km,鼓楼网点,朝阳网点,未及时签收,低
WLYD1343450,南京天河区,深圳鼓楼区,王娜,EMP_040,吴强贸易公司,顺丰速运,化工品,整车,4164kg,2.77m³,916元,3480元,2026-10-22 05:16,2025-04-12 16:30,2026-10-22 05:16,2025-04-03 11:09,已退回,刘娜,1195km,鼓楼网点,浦东网点,超时派送,高
WLYD5610610,北京鼓楼区,杭州鼓楼区,刘秀英,EMP_087,赵磊贸易公司,顺丰速运,化工品,整车,4180kg,3.66m³,3207元,3259元,2025-05-24 00:16,2025-05-27 01:54,2025-05-24 00:16,2025-07-19 23:39,派送中,刘强,905km,鼓楼网点,浦东网点,包装破损,低
WLYD2967739,北京天河区,北京天河区,杨强,EMP_069,黄娜贸易公司,顺丰速运,电子产品,零担,2595kg,8.41m³,1359元,2797元,2026-01-01 01:44,2026-04-01 01:54,2026-01-01 01:44,2026-09-05 13:30,已签收,周磊,130km,余杭网点,浦东网点,重量异常,低
WLYD2541052,广州浦东新区,杭州天河区,陈静,EMP_030,李磊贸易公司,顺丰速运,化工品,零担,198kg,1.33m³,1177元,2711元,2026-06-28 21:30,2025-09-21 03:03,2026-06-28 21:30,2026-08-04 20:12,派送中,赵洋,933km,南山网点,鼓楼网点,超时派送,低
WLYD6715166,杭州余杭区,广州朝阳区,王秀英,EMP_052,张洋贸易公司,顺丰速运,化工品,零担,3035kg,5.52m³,4657元,4541元,2026-04-09 14:26,2026-05-06 16:11,2026-04-09 14:26,2025-12-13 23:22,已退回,黄强,673km,南山网点,朝阳网点,重量异常,低
WLYD3782098,南京余杭区,北京天河区,吴丽,EMP_063,杨洋贸易公司,顺丰速运,建材,合同物流,4307kg,8.47m³,4785元,2643元,2026-11-28 07:11,2026-03-21 19:05,2026-11-28 07:11,2026-08-05 22:30,已签收,陈芳,1235km,朝阳网点,鼓楼网点,超时派送,中
WLYD1562633,上海南山区,深圳天河区,周丽,EMP_081,杨静贸易公司,顺丰速运,化工品,合同物流,2693kg,1.16m³,4085元,1989元,2025-06-25 15:37,2025-02-08 01:28,2025-06-25 15:37,2025-03-07 14:54,已签收,张磊,1905km,浦东网点,天河网点,货物损坏,低
WLYD1089693,杭州南山区,北京余杭区,张强,EMP_056,吴娜贸易公司,顺丰速运,服装,零担,3907kg,6.46m³,2965元,1132元,2025-07-08 01:56,2025-03-20 20:12,2025-07-08 01:56,2026-03-04 16:14,已退回,刘静,872km,余杭网点,鼓楼网点,未及时签收,低
WLYD3250562,杭州余杭区,北京天河区,吴伟,EMP_066,赵秀英贸易公司,顺丰速运,化工品,合同物流,1486kg,5.17m³,4371元,2487元,2026-05-03 11:05,2026-03-02 03:59,2026-05-03 11:05,2025-04-15 08:41,已签收,吴丽,1270km,南山网点,浦东网点,虚假签收,中
WLYD8350822,北京朝阳区,深圳南山区,陈洋,EMP_085,赵伟贸易公司,顺丰速运,电子产品,零担,1766kg,4.03m³,250元,1159元,2026-06-02 23:07,2026-06-08 14:39,2026-06-02 23:07,2026-07-02 23:00,已签收,李芳,1680km,天河网点,余杭网点,运费异常,中
WLYD3326285,北京南山区,广州鼓楼区,李强,EMP_060,王娜贸易公司,顺丰速运,服装,合同物流,3666kg,4.75m³,183元,1744元,2025-09-07 06:40,2025-10-10 19:35,2025-09-07 06:40,2025-11-23 13:38,派送中,刘静,1658km,南山网点,浦东网点,货物损坏,低
WLYD4291154,广州朝阳区,深圳余杭区,王芳,EMP_021,黄伟贸易公司,顺丰速运,食品,合同物流,3065kg,7.52m³,3285元,2656元,2025-01-23 09:56,2025-05-23 14:30,2025-01-23 09:56,2025-11-24 04:33,派送中,杨娜,1008km,南山网点,余杭网点,虚假签收,中
WLYD1570234,广州鼓楼区,南京朝阳区,王敏,EMP_088,李敏贸易公司,顺丰速运,食品,整车,686kg,1.94m³,1973元,1623元,2026-06-01 11:59,2026-10-04 01:13,2026-06-01 11:59,2025-04-22 09:51,已签收,张秀英,356km,南山网点,朝阳网点,未及时签收,低
WLYD3684387,深圳南山区,杭州朝阳区,杨洋,EMP_099,陈洋贸易公司,顺丰速运,食品,整车,3593kg,6.50m³,3920元,2582元,2026-07-15 10:21,2026-03-25 19:13,2026-07-15 10:21,2026-03-18 13:14,派送中,杨磊,1198km,天河网点,天河网点,路线异常,高
WLYD5661066,南京天河区,北京南山区,刘娜,EMP_028,杨强贸易公司,顺丰速运,食品,合同物流,4211kg,9.00m³,4244元,1335元,2025-09-11 07:43,2025-07-01 08:20,2025-09-11 07:43,2026-12-12 02:52,已签收,张丽,226km,鼓楼网点,天河网点,运费异常,低
WLYD3319656,广州浦东新区,南京天河区,吴娜,EMP_060,赵静贸易公司,顺丰速运,电子产品,合同物流,4780kg,4.20m³,854元,4091元,2025-04-14 03:03,2026-07-06 14:39,2025-04-14 03:03,2026-03-17 01:12,派送中,张强,502km,天河网点,朝阳网点,货物损坏,低
WLYD8290729,深圳南山区,北京浦东新区,周芳,EMP_097,陈强贸易公司,顺丰速运,食品,整车,1685kg,0.69m³,2726元,3849元,2026-10-18 07:28,2026-01-24 13:52,2026-10-18 07:28,2025-06-26 14:56,已签收,刘敏,1095km,浦东网点,浦东网点,重量异常,高
WLYD8927819,南京浦东新区,南京朝阳区,黄伟,EMP_020,杨丽贸易公司,顺丰速运,电子产品,零担,4367kg,8.13m³,3208元,1188元,2026-11-06 09:36,2025-02-24 16:19,2026-11-06 09:36,2026-04-06 18:30,已签收,陈娜,809km,鼓楼网点,余杭网点,未及时签收,高
WLYD5399060,上海余杭区,南京朝阳区,张秀英,EMP_056,陈芳贸易公司,顺丰速运,建材,合同物流,3315kg,2.61m³,2817元,1458元,2026-02-27 01:23,2026-01-16 05:40,2026-02-27 01:23,2026-10-22 21:59,已退回,杨磊,404km,鼓楼网点,鼓楼网点,路线异常,高
WLYD3802777,上海鼓楼区,广州朝阳区,刘静,EMP_014,杨洋贸易公司,顺丰速运,化工品,零担,3416kg,5.43m³,3220元,1363元,2026-01-06 16:02,2025-12-05 22:31,2026-01-06 16:02,2026-08-05 00:30,已签收,黄娜,189km,浦东网点,天河网点,虚假签收,中
WLYD7427801,北京浦东新区,北京天河区,王芳,EMP_001,杨静贸易公司,顺丰速运,食品,合同物流,1284kg,0.64m³,179元,4205元,2026-10-07 17:30,2025-12-01 08:49,2026-10-07 17:30,2025-07-25 20:55,已签收,周磊,772km,余杭网点,浦东网点,超时派送,中
WLYD8680702,南京鼓楼区,广州鼓楼区,刘敏,EMP_097,周芳贸易公司,顺丰速运,食品,零担,4697kg,4.89m³,4151元,709元,2025-07-03 20:42,2025-01-07 12:28,2025-07-03 20:42,2026-07-26 03:53,已签收,张敏,1092km,浦东网点,南山网点,包装破损,低
WLYD8523996,上海朝阳区,上海余杭区,杨芳,EMP_072,张秀英贸易公司,顺丰速运,电子产品,零担,3381kg,8.35m³,435元,1551元,2025-07-12 14:39,2025-10-01 08:43,2025-07-12 14:39,2026-08-14 02:03,派送中,杨秀英,589km,南山网点,南山网点,超时派送,高
WLYD8153211,南京朝阳区,上海南山区,李洋,EMP_025,黄娜贸易公司,顺丰速运,服装,零担,1082kg,8.95m³,3890元,413元,2025-01-05 13:00,2025-06-13 13:46,2025-01-05 13:00,2026-04-26 15:40,派送中,黄强,666km,天河网点,浦东网点,虚假签收,低
WLYD2491725,上海余杭区,南京鼓楼区,杨磊,EMP_060,李磊贸易公司,顺丰速运,建材,零担,992kg,4.07m³,917元,364元,2025-05-09 02:57,2026-01-11 17:54,2025-05-09 02:57,2026-09-10 04:54,派送中,吴静,639km,南山网点,南山网点,路线异常,高
WLYD1466017,南京鼓楼区,南京朝阳区,李芳,EMP_063,吴芳贸易公司,顺丰速运,建材,合同物流,2347kg,1.68m³,2651元,3351元,2026-12-09 10:04,2025-02-17 22:09,2026-12-09 10:04,2026-09-21 03:17,派送中,赵芳,455km,余杭网点,鼓楼网点,路线异常,中
WLYD1312257,杭州南山区,北京余杭区,陈磊,EMP_098,陈静贸易公司,顺丰速运,食品,整车,2270kg,4.25m³,2920元,3794元,2026-12-16 21:01,2025-04-05 17:36,2026-12-16 21:01,2025-04-14 04:18,派送中,王洋,830km,余杭网点,朝阳网点,超时派送,高
WLYD8810546,深圳天河区,南京余杭区,吴洋,EMP_004,周芳贸易公司,顺丰速运,电子产品,整车,779kg,6.89m³,228元,4282元,2026-06-23 03:07,2025-01-15 17:46,2026-06-23 03:07,2026-02-24 22:29,已退回,周芳,740km,浦东网点,余杭网点,超时派送,中
WLYD8926546,深圳余杭区,北京浦东新区,陈芳,EMP_043,陈秀英贸易公司,顺丰速运,服装,零担,524kg,3.25m³,2032元,1451元,2025-08-08 07:48,2026-05-13 02:44,2025-08-08 07:48,2025-01-26 16:24,派送中,陈洋,1811km,天河网点,浦东网点,未及时签收,中
WLYD9876047,广州浦东新区,深圳天河区,杨芳,EMP_059,李娜贸易公司,顺丰速运,服装,合同物流,3744kg,7.46m³,960元,892元,2025-05-18 05:11,2026-09-05 21:55,2025-05-18 05:11,2026-08-07 04:23,派送中,刘秀英,1705km,南山网点,朝阳网点,超时派送,中
WLYD9568268,深圳鼓楼区,北京天河区,陈磊,EMP_083,周洋贸易公司,顺丰速运,化工品,整车,202kg,7.54m³,2446元,922元,2025-05-20 17:09,2026-06-24 06:01,2025-05-20 17:09,2025-05-08 15:00,派送中,王敏,816km,鼓楼网点,浦东网点,货物损坏,低
WLYD3591237,北京鼓楼区,南京天河区,周洋,EMP_062,杨磊贸易公司,顺丰速运,化工品,合同物流,255kg,4.84m³,2618元,739元,2025-01-26 18:46,2025-03-27 06:14,2025-01-26 18:46,2026-10-04 13:32,派送中,刘敏,1215km,南山网点,南山网点,路线异常,低
WLYD3224448,上海朝阳区,上海天河区,杨娜,EMP_027,刘丽贸易公司,顺丰速运,建材,零担,3433kg,6.55m³,4537元,504元,2026-05-10 07:29,2025-07-02 22:12,2026-05-10 07:29,2025-03-21 08:54,派送中,李丽,1898km,南山网点,余杭网点,虚假签收,中
WLYD8588469,北京余杭区,杭州浦东新区,张静,EMP_049,陈静贸易公司,顺丰速运,建材,零担,3600kg,0.17m³,1114元,187元,2026-03-02 04:39,2025-03-05 17:27,2026-03-02 04:39,2026-11-05 05:58,派送中,周秀英,374km,天河网点,天河网点,未及时签收,低
WLYD2658973,深圳南山区,上海浦东新区,赵强,EMP_098,赵敏贸易公司,顺丰速运,电子产品,整车,4764kg,3.99m³,2580元,2919元,2025-07-15 13:12,2025-04-11 09:28,2025-07-15 13:12,2025-07-27 21:31,已退回,赵洋,864km,鼓楼网点,天河网点,包装破损,中
WLYD1654902,深圳朝阳区,深圳浦东新区,张磊,EMP_046,黄强贸易公司,顺丰速运,服装,零担,3256kg,9.73m³,4338元,4382元,2026-06-12 11:52,2025-07-14 08:28,2026-06-12 11:52,2025-07-03 05:59,已退回,陈静,1348km,南山网点,浦东网点,货物损坏,高
WLYD3643201,上海鼓楼区,北京朝阳区,刘静,EMP_058,赵娜贸易公司,顺丰速运,建材,合同物流,3867kg,2.06m³,4448元,3534元,2026-05-21 14:51,2026-05-05 03:51,2026-05-21 14:51,2026-01-05 02:35,已退回,陈丽,1980km,浦东网点,鼓楼网点,包装破损,低
WLYD5878902,杭州天河区,深圳朝阳区,周静,EMP_064,李秀英贸易公司,顺丰速运,服装,整车,3565kg,2.29m³,3863元,1853元,2025-08-11 14:40,2025-09-19 12:57,2025-08-11 14:40,2026-03-06 05:58,已退回,黄强,1917km,鼓楼网点,朝阳网点,超时派送,中
WLYD8408705,上海余杭区,上海南山区,刘伟,EMP_064,吴磊贸易公司,顺丰速运,化工品,整车,2565kg,5.08m³,4125元,1563元,2025-05-10 10:31,2025-12-06 22:26,2025-05-10 10:31,2025-11-16 19:27,已签收,王秀英,689km,朝阳网点,天河网点,货物损坏,中
WLYD6433155,深圳余杭区,北京南山区,王洋,EMP_039,杨丽贸易公司,顺丰速运,建材,整车,3091kg,7.10m³,1356元,2679元,2025-10-03 01:32,2026-09-28 15:45,2025-10-03 01:32,2025-01-16 15:43,已签收,张磊,1566km,南山网点,浦东网点,路线异常,中
WLYD8213369,南京浦东新区,南京朝阳区,杨丽,EMP_089,刘强贸易公司,顺丰速运,食品,整车,3697kg,4.17m³,4108元,1367元,2026-12-10 05:36,2025-09-13 05:22,2026-12-10 05:36,2026-05-28 02:06,已退回,黄敏,235km,天河网点,余杭网点,虚假签收,中
WLYD2051368,广州南山区,南京余杭区,吴秀英,EMP_015,周丽贸易公司,顺丰速运,电子产品,零担,3583kg,4.33m³,2749元,280元,2025-10-10 23:29,2026-09-14 12:17,2025-10-10 23:29,2026-02-20 03:21,派送中,黄强,670km,天河网点,天河网点,路线异常,高
WLYD4736376,南京朝阳区,杭州朝阳区,王芳,EMP_091,赵丽贸易公司,顺丰速运,食品,零担,4218kg,5.57m³,4680元,4764元,2025-01-27 15:42,2026-02-21 07:52,2025-01-27 15:42,2026-12-14 18:15,已退回,周娜,1328km,朝阳网点,天河网点,运费异常,高
WLYD2250106,南京南山区,深圳朝阳区,吴洋,EMP_100,张洋贸易公司,顺丰速运,电子产品,零担,3959kg,4.83m³,4569元,1956元,2025-08-01 12:52,2025-04-28 03:21,2025-08-01 12:52,2025-08-08 02:31,派送中,李娜,1068km,天河网点,天河网点,路线异常,高
WLYD7884606,深圳鼓楼区,杭州浦东新区,王磊,EMP_017,周芳贸易公司,顺丰速运,建材,合同物流,2450kg,2.41m³,1036元,2709元,2026-07-22 05:03,2025-11-21 03:07,2026-07-22 05:03,2025-03-08 02:50,派送中,黄敏,1833km,余杭网点,浦东网点,货物损坏,低
WLYD9547393,深圳朝阳区,南京余杭区,刘静,EMP_057,刘秀英贸易公司,顺丰速运,电子产品,合同物流,2290kg,4.47m³,1738元,2254元,2025-02-07 09:41,2026-06-24 18:30,2025-02-07 09:41,2025-02-12 16:25,已签收,张磊,1574km,朝阳网点,朝阳网点,超时派送,低
WLYD2211565,杭州鼓楼区,杭州南山区,张磊,EMP_086,张芳贸易公司,顺丰速运,化工品,零担,4715kg,1.68m³,1751元,2332元,2025-07-10 19:16,2026-09-20 09:33,2025-07-10 19:16,2026-11-06 16:33,已签收,黄静,1481km,南山网点,浦东网点,重量异常,高
WLYD1955664,北京鼓楼区,深圳鼓楼区,张丽,EMP_027,吴芳贸易公司,顺丰速运,食品,整车,1111kg,7.99m³,1687元,1309元,2026-06-14 11:30,2025-04-03 11:43,2026-06-14 11:30,2025-05-20 19:42,已签收,赵芳,867km,天河网点,浦东网点,路线异常,低
WLYD9890126,南京余杭区,北京浦东新区,杨磊,EMP_030,赵秀英贸易公司,顺丰速运,食品,零担,494kg,0.73m³,427元,2394元,2026-02-04 05:19,2025-02-21 20:26,2026-02-04 05:19,2026-09-05 01:59,派送中,王强,967km,朝阳网点,朝阳网点,超时派送,中
WLYD4376482,广州南山区,杭州朝阳区,吴洋,EMP_045,赵娜贸易公司,顺丰速运,电子产品,零担,41kg,5.18m³,3714元,3992元,2026-12-26 16:32,2025-09-15 04:11,2026-12-26 16:32,2026-03-14 16:11,已签收,王磊,1117km,天河网点,浦东网点,包装破损,中
WLYD4892068,广州余杭区,杭州余杭区,周洋,EMP_028,刘强贸易公司,顺丰速运,建材,零担,550kg,5.03m³,3066元,1818元,2025-02-13 22:12,2026-01-03 07:14,2025-02-13 22:12,2025-07-20 09:05,派送中,吴敏,1595km,南山网点,鼓楼网点,包装破损,高
WLYD5353667,上海浦东新区,杭州南山区,李静,EMP_079,王娜贸易公司,顺丰速运,电子产品,整车,4383kg,6.51m³,3510元,4362元,2025-05-15 05:08,2025-12-08 19:58,2025-05-15 05:08,2026-08-21 08:23,已退回,王芳,184km,鼓楼网点,余杭网点,包装破损,低
WLYD4896689,北京朝阳区,北京浦东新区,吴丽,EMP_014,吴丽贸易公司,顺丰速运,电子产品,零担,1947kg,1.07m³,2519元,2699元,2026-01-17 11:00,2026-12-13 12:34,2026-01-17 11:00,2026-05-12 17:59,派送中,吴洋,194km,天河网点,天河网点,路线异常,低
WLYD7098579,南京鼓楼区,上海鼓楼区,陈磊,EMP_036,刘秀英贸易公司,顺丰速运,化工品,合同物流,2643kg,1.22m³,3061元,3043元,2026-07-24 10:25,2025-08-17 13:26,2026-07-24 10:25,2026-11-08 19:59,派送中,刘芳,1026km,朝阳网点,鼓楼网点,虚假签收,中
WLYD6228639,上海浦东新区,北京浦东新区,杨娜,EMP_017,陈伟贸易公司,顺丰速运,建材,零担,1957kg,8.99m³,2091元,371元,2025-08-14 16:41,2026-09-19 05:20,2025-08-14 16:41,2026-07-14 20:18,已签收,周磊,675km,余杭网点,浦东网点,运费异常,高
WLYD6781383,杭州天河区,上海南山区,李秀英,EMP_007,刘芳贸易公司,顺丰速运,服装,零担,3684kg,5.01m³,1521元,2863元,2026-12-15 06:59,2026-10-25 11:48,2026-12-15 06:59,2025-10-18 10:35,已签收,吴芳,1136km,余杭网点,南山网点,超时派送,高
WLYD9685234,杭州余杭区,南京南山区,赵丽,EMP_050,黄丽贸易公司,顺丰速运,电子产品,整车,4223kg,9.87m³,454元,681元,2025-09-19 00:54,2026-10-03 11:37,2025-09-19 00:54,2025-08-10 06:56,派送中,刘秀英,79km,余杭网点,天河网点,未及时签收,高
WLYD3141343,北京朝阳区,南京鼓楼区,周娜,EMP_072,赵丽贸易公司,顺丰速运,电子产品,整车,1179kg,2.55m³,1812元,1618元,2026-04-02 14:18,2025-07-03 05:48,2026-04-02 14:18,2026-02-23 21:07,已退回,黄敏,375km,天河网点,鼓楼网点,运费异常,低
WLYD4411069,上海余杭区,广州鼓楼区,张洋,EMP_098,张磊贸易公司,顺丰速运,电子产品,合同物流,1261kg,0.38m³,4366元,3142元,2026-11-16 17:18,2026-04-15 20:21,2026-11-16 17:18,2026-05-26 11:52,已签收,张伟,361km,余杭网点,鼓楼网点,包装破损,高
WLYD6388699,深圳余杭区,上海南山区,王伟,EMP_099,周敏贸易公司,顺丰速运,化工品,零担,2183kg,8.83m³,4054元,3481元,2026-08-10 09:33,2025-05-03 12:30,2026-08-10 09:33,2026-03-07 22:43,已签收,杨磊,58km,天河网点,浦东网点,包装破损,中
WLYD6810146,上海余杭区,南京朝阳区,杨敏,EMP_092,李丽贸易公司,顺丰速运,建材,合同物流,187kg,4.99m³,1767元,587元,2026-08-02 15:09,2025-04-15 07:26,2026-08-02 15:09,2026-08-25 04:41,已签收,吴娜,223km,鼓楼网点,朝阳网点,未及时签收,低
WLYD4585380,上海朝阳区,广州朝阳区,张秀英,EMP_047,张伟贸易公司,顺丰速运,化工品,合同物流,1762kg,2.05m³,4302元,1894元,2026-04-20 11:17,2026-11-21 01:41,2026-04-20 11:17,2026-04-01 09:38,已签收,王敏,1384km,朝阳网点,天河网点,货物损坏,低
WLYD2500959,北京朝阳区,杭州余杭区,杨静,EMP_051,周秀英贸易公司,顺丰速运,食品,整车,3311kg,1.10m³,2967元,925元,2026-11-04 05:32,2025-10-19 12:43,2026-11-04 05:32,2026-01-27 05:26,已退回,张敏,213km,天河网点,天河网点,虚假签收,中
WLYD9962397,上海南山区,南京朝阳区,黄磊,EMP_011,张伟贸易公司,顺丰速运,食品,零担,2225kg,6.50m³,2096元,3801元,2026-08-19 23:32,2026-07-18 16:26,2026-08-19 23:32,2026-03-20 16:24,派送中,周娜,1793km,朝阳网点,鼓楼网点,未及时签收,高
WLYD8365872,上海南山区,广州朝阳区,王芳,EMP_022,赵秀英贸易公司,顺丰速运,化工品,零担,4741kg,7.64m³,1601元,3616元,2025-06-11 01:15,2026-08-11 13:18,2025-06-11 01:15,2026-08-11 16:20,已签收,王磊,68km,浦东网点,浦东网点,虚假签收,高
WLYD8701198,深圳浦东新区,广州余杭区,黄强,EMP_073,杨秀英贸易公司,顺丰速运,食品,零担,3446kg,8.83m³,654元,3529元,2026-12-24 02:27,2025-12-01 21:32,2026-12-24 02:27,2025-10-03 01:57,派送中,张伟,569km,余杭网点,余杭网点,虚假签收,中
WLYD6572053,南京余杭区,杭州南山区,周敏,EMP_003,黄强贸易公司,顺丰速运,化工品,零担,1680kg,5.01m³,2424元,3820元,2025-01-04 02:18,2025-05-21 11:45,2025-01-04 02:18,2025-04-25 20:54,已退回,陈洋,216km,南山网点,朝阳网点,未及时签收,高
WLYD7659068,北京朝阳区,上海朝阳区,杨敏,EMP_033,赵强贸易公司,顺丰速运,食品,零担,852kg,6.39m³,1996元,1059元,2025-07-24 01:04,2026-01-21 02:10,2025-07-24 01:04,2026-07-05 19:17,派送中,黄磊,1652km,浦东网点,鼓楼网点,路线异常,高
WLYD6303161,广州鼓楼区,上海余杭区,杨静,EMP_026,张洋贸易公司,顺丰速运,建材,合同物流,35kg,2.26m³,4399元,542元,2026-02-23 01:19,2026-03-04 22:48,2026-02-23 01:19,2025-06-08 10:54,已签收,周芳,81km,余杭网点,南山网点,重量异常,低
WLYD5261362,上海鼓楼区,南京鼓楼区,张伟,EMP_006,赵敏贸易公司,顺丰速运,食品,整车,3084kg,7.49m³,4313元,2864元,2026-09-23 11:20,2025-04-12 10:31,2026-09-23 11:20,2025-12-27 10:30,派送中,王娜,816km,天河网点,余杭网点,路线异常,中
WLYD8640764,上海朝阳区,广州鼓楼区,吴芳,EMP_086,陈磊贸易公司,顺丰速运,食品,合同物流,3810kg,2.23m³,3043元,1837元,2025-05-25 21:37,2026-06-20 10:53,2025-05-25 21:37,2026-10-01 07:49,派送中,李娜,1355km,天河网点,天河网点,重量异常,中
WLYD4349331,南京浦东新区,杭州朝阳区,吴丽,EMP_010,周丽贸易公司,顺丰速运,电子产品,整车,2743kg,9.97m³,2238元,1474元,2025-01-20 11:20,2025-12-21 19:22,2025-01-20 11:20,2025-05-02 17:36,派送中,张芳,1506km,朝阳网点,浦东网点,货物损坏,高
WLYD1258493,北京朝阳区,广州余杭区,陈静,EMP_023,吴敏贸易公司,顺丰速运,化工品,零担,3069kg,3.91m³,3535元,841元,2026-11-25 18:00,2025-02-14 13:47,2026-11-25 18:00,2025-08-28 10:49,已签收,杨娜,1033km,余杭网点,南山网点,路线异常,高
WLYD8615656,深圳余杭区,杭州天河区,李秀英,EMP_091,赵磊贸易公司,顺丰速运,建材,整车,453kg,4.77m³,1491元,1803元,2026-07-10 07:39,2026-10-27 04:55,2026-07-10 07:39,2025-10-21 06:40,派送中,杨磊,1250km,南山网点,余杭网点,包装破损,高
WLYD5367069,杭州朝阳区,深圳朝阳区,赵丽,EMP_095,周芳贸易公司,顺丰速运,食品,合同物流,379kg,8.13m³,4051元,988元,2026-08-23 13:51,2025-04-04 00:27,2026-08-23 13:51,2025-06-25 01:25,已签收,赵敏,365km,浦东网点,浦东网点,超时派送,中
WLYD5883508,北京天河区,北京朝阳区,陈静,EMP_066,黄伟贸易公司,顺丰速运,建材,合同物流,1921kg,4.37m³,2202元,1930元,2026-03-25 15:36,2025-05-08 08:25,2026-03-25 15:36,2025-03-25 15:18,已签收,周洋,1115km,天河网点,天河网点,货物损坏,高
WLYD4994486,广州鼓楼区,深圳天河区,刘静,EMP_097,周芳贸易公司,顺丰速运,建材,整车,2474kg,1.57m³,2498元,1036元,2025-03-05 20:00,2025-06-13 20:16,2025-03-05 20:00,2025-03-03 05:41,已签收,王磊,1422km,余杭网点,余杭网点,运费异常,中
WLYD6683123,杭州浦东新区,广州余杭区,黄娜,EMP_067,周伟贸易公司,顺丰速运,建材,整车,3780kg,3.27m³,3013元,2889元,2026-11-28 09:07,2025-04-04 16:40,2026-11-28 09:07,2026-08-16 04:54,已签收,赵洋,854km,浦东网点,浦东网点,虚假签收,中
WLYD1263389,上海南山区,上海余杭区,张伟,EMP_086,王静贸易公司,顺丰速运,建材,合同物流,4401kg,6.52m³,1650元,1133元,2026-07-12 16:37,2025-08-08 04:50,2026-07-12 16:37,2025-09-24 00:52,已签收,杨强,1235km,余杭网点,浦东网点,包装破损,低
WLYD9949936,南京余杭区,上海朝阳区,张强,EMP_075,刘静贸易公司,顺丰速运,电子产品,合同物流,2893kg,1.82m³,4504元,4433元,2025-07-14 19:11,2026-02-08 17:49,2025-07-14 19:11,2025-02-16 04:27,派送中,陈芳,1260km,天河网点,浦东网点,重量异常,高
WLYD5959929,南京天河区,北京鼓楼区,吴芳,EMP_032,张强贸易公司,顺丰速运,建材,合同物流,4279kg,7.24m³,2999元,3931元,2026-07-13 10:54,2026-02-13 13:05,2026-07-13 10:54,2026-01-26 19:25,已签收,陈娜,74km,鼓楼网点,南山网点,货物损坏,高
WLYD7768659,杭州天河区,南京天河区,陈强,EMP_046,周伟贸易公司,顺丰速运,建材,零担,3270kg,6.85m³,4887元,2045元,2025-09-16 10:01,2026-01-04 20:29,2025-09-16 10:01,2026-02-01 23:26,已退回,李磊,1650km,余杭网点,浦东网点,路线异常,低
WLYD1008906,北京天河区,杭州天河区,杨秀英,EMP_053,李丽贸易公司,顺丰速运,服装,合同物流,2007kg,6.38m³,1068元,4431元,2025-07-03 04:33,2025-01-28 19:21,2025-07-03 04:33,2026-08-25 20:23,派送中,周丽,1074km,鼓楼网点,余杭网点,货物损坏,高
WLYD5614399,北京鼓楼区,杭州朝阳区,吴磊,EMP_008,张强贸易公司,顺丰速运,化工品,零担,721kg,9.93m³,4359元,4294元,2026-08-15 13:49,2025-09-25 12:30,2026-08-15 13:49,2026-05-13 20:19,派送中,赵秀英,1678km,天河网点,南山网点,超时派送,低
WLYD8248757,广州余杭区,南京余杭区,张强,EMP_042,赵伟贸易公司,顺丰速运,食品,整车,4865kg,8.75m³,1112元,531元,2026-04-24 18:09,2025-08-07 01:09,2026-04-24 18:09,2025-01-24 22:07,派送中,周强,1839km,南山网点,南山网点,运费异常,中
WLYD8981941,广州浦东新区,北京天河区,张伟,EMP_076,杨芳贸易公司,顺丰速运,建材,合同物流,299kg,3.53m³,2079元,666元,2025-09-25 19:03,2025-01-06 16:53,2025-09-25 19:03,2025-06-05 08:29,已退回,王洋,1111km,朝阳网点,天河网点,重量异常,低
WLYD2576466,杭州天河区,广州余杭区,陈洋,EMP_021,杨静贸易公司,顺丰速运,电子产品,整车,4708kg,6.60m³,934元,2676元,2025-02-15 17:25,2026-07-02 02:36,2025-02-15 17:25,2026-06-21 10:42,已签收,王丽,1841km,南山网点,朝阳网点,运费异常,高
WLYD8041387,北京天河区,南京浦东新区,杨芳,EMP_047,黄静贸易公司,顺丰速运,食品,合同物流,1289kg,8.18m³,289元,3977元,2026-04-19 04:41,2026-10-05 00:45,2026-04-19 04:41,2025-03-15 09:31,已退回,陈洋,1834km,鼓楼网点,朝阳网点,路线异常,中
WLYD9843706,广州朝阳区,广州朝阳区,刘磊,EMP_024,陈秀英贸易公司,顺丰速运,电子产品,整车,4555kg,7.01m³,4132元,3704元,2025-06-10 03:07,2026-04-23 00:13,2025-06-10 03:07,2026-06-04 21:25,已签收,吴芳,1410km,余杭网点,鼓楼网点,运费异常,高
WLYD3503629,北京南山区,广州鼓楼区,吴强,EMP_035,赵磊贸易公司,顺丰速运,建材,零担,4735kg,4.03m³,3029元,563元,2026-04-07 07:26,2026-04-09 08:33,2026-04-07 07:26,2026-06-02 21:13,派送中,李芳,1714km,朝阳网点,浦东网点,路线异常,中
WLYD4062175,南京余杭区,深圳天河区,陈丽,EMP_070,吴静贸易公司,顺丰速运,食品,合同物流,4064kg,2.03m³,1306元,2611元,2026-02-05 21:49,2025-09-15 04:58,2026-02-05 21:49,2026-03-09 15:45,已退回,周娜,1626km,朝阳网点,天河网点,未及时签收,中
WLYD5590412,杭州浦东新区,南京余杭区,赵娜,EMP_029,王磊贸易公司,顺丰速运,食品,整车,3579kg,8.75m³,2795元,2848元,2026-01-06 00:45,2025-09-22 20:24,2026-01-06 00:45,2025-12-15 15:33,派送中,吴敏,1006km,余杭网点,南山网点,未及时签收,高
WLYD9130960,杭州余杭区,南京南山区,陈娜,EMP_017,周秀英贸易公司,顺丰速运,食品,零担,1218kg,1.61m³,787元,4002元,2026-03-03 00:36,2025-10-17 14:25,2026-03-03 00:36,2026-12-24 19:00,派送中,黄丽,1331km,浦东网点,鼓楼网点,运费异常,低
WLYD9685094,广州南山区,广州余杭区,刘磊,EMP_071,王秀英贸易公司,顺丰速运,食品,整车,932kg,4.54m³,4021元,2937元,2025-01-17 03:11,2026-07-21 05:13,2025-01-17 03:11,2025-10-12 11:43,已签收,刘伟,1681km,南山网点,浦东网点,超时派送,中
WLYD1076332,广州鼓楼区,北京浦东新区,赵秀英,EMP_030,黄娜贸易公司,顺丰速运,食品,零担,1802kg,5.99m³,2270元,1934元,2025-03-01 05:17,2026-10-04 14:59,2025-03-01 05:17,2025-06-11 01:30,已签收,张丽,902km,南山网点,南山网点,货物损坏,低
WLYD6469822,上海余杭区,广州浦东新区,陈伟,EMP_022,陈磊贸易公司,顺丰速运,建材,合同物流,1744kg,8.51m³,2355元,1587元,2025-02-27 12:21,2025-10-16 20:51,2025-02-27 12:21,2025-03-11 01:01,已签收,陈芳,67km,浦东网点,浦东网点,运费异常,高
WLYD9336525,广州朝阳区,南京朝阳区,张丽,EMP_017,张秀英贸易公司,顺丰速运,服装,零担,1083kg,9.51m³,192元,268元,2025-11-20 22:46,2025-06-09 20:50,2025-11-20 22:46,2025-07-21 16:44,派送中,黄伟,691km,浦东网点,南山网点,运费异常,中
WLYD3993381,深圳浦东新区,北京天河区,周磊,EMP_068,杨敏贸易公司,顺丰速运,服装,零担,3844kg,4.30m³,1191元,4333元,2025-08-16 22:31,2026-03-25 20:04,2025-08-16 22:31,2025-07-26 10:42,已签收,刘静,112km,南山网点,南山网点,未及时签收,高
WLYD5071351,上海天河区,南京鼓楼区,李洋,EMP_028,张芳贸易公司,顺丰速运,化工品,零担,101kg,3.82m³,973元,4245元,2026-03-07 20:59,2026-10-13 15:00,2026-03-07 20:59,2025-01-16 06:56,派送中,吴伟,1705km,鼓楼网点,鼓楼网点,货物损坏,高
WLYD3894063,北京天河区,北京南山区,刘敏,EMP_078,赵伟贸易公司,顺丰速运,食品,合同物流,2757kg,8.90m³,4563元,2154元,2026-12-08 07:15,2025-10-19 08:45,2026-12-08 07:15,2025-06-24 11:29,派送中,周芳,1789km,朝阳网点,浦东网点,未及时签收,低
WLYD7522691,南京浦东新区,深圳天河区,赵丽,EMP_016,张洋贸易公司,顺丰速运,服装,整车,1495kg,4.14m³,1328元,3606元,2026-02-23 07:16,2025-06-01 10:08,2026-02-23 07:16,2025-10-01 15:14,派送中,王敏,1960km,浦东网点,南山网点,路线异常,中
WLYD5369725,深圳浦东新区,上海天河区,周强,EMP_038,周伟贸易公司,顺丰速运,化工品,合同物流,1625kg,2.25m³,951元,1211元,2026-11-14 13:14,2026-03-04 09:09,2026-11-14 13:14,2025-08-21 15:55,已退回,黄芳,1674km,余杭网点,天河网点,未及时签收,中
WLYD9749621,上海鼓楼区,广州鼓楼区,李洋,EMP_038,吴敏贸易公司,顺丰速运,电子产品,零担,133kg,2.94m³,3206元,768元,2025-01-28 23:45,2025-02-12 21:42,2025-01-28 23:45,2026-11-09 09:22,已退回,王强,1806km,天河网点,鼓楼网点,超时派送,中
WLYD5664416,南京朝阳区,北京天河区,赵娜,EMP_026,杨芳贸易公司,顺丰速运,建材,整车,3736kg,8.44m³,4676元,2743元,2026-04-06 07:06,2025-07-12 08:33,2026-04-06 07:06,2026-02-16 03:26,已退回,周敏,425km,天河网点,浦东网点,未及时签收,中
WLYD7802457,南京鼓楼区,深圳南山区,陈磊,EMP_029,周静贸易公司,顺丰速运,食品,零担,3398kg,9.17m³,3076元,2160元,2026-06-19 13:03,2026-10-01 06:52,2026-06-19 13:03,2026-10-28 01:52,已退回,黄丽,607km,鼓楼网点,朝阳网点,虚假签收,低
WLYD6754225,杭州南山区,广州天河区,周丽,EMP_004,陈秀英贸易公司,顺丰速运,化工品,零担,2692kg,4.72m³,4173元,999元,2026-12-21 15:42,2025-11-13 13:54,2026-12-21 15:42,2026-12-20 07:21,已退回,吴秀英,454km,天河网点,天河网点,货物损坏,中
WLYD4752854,杭州南山区,深圳天河区,赵洋,EMP_078,陈芳贸易公司,顺丰速运,食品,零担,3680kg,6.91m³,4444元,853元,2025-03-05 11:50,2025-04-18 23:00,2025-03-05 11:50,2025-01-19 14:44,已退回,王磊,1831km,朝阳网点,天河网点,运费异常,中
WLYD2875382,杭州天河区,北京朝阳区,周芳,EMP_089,张磊贸易公司,顺丰速运,服装,零担,3287kg,8.92m³,2597元,2958元,2025-09-22 23:12,2026-08-22 03:00,2025-09-22 23:12,2025-03-08 00:43,派送中,杨敏,173km,鼓楼网点,南山网点,虚假签收,高
WLYD7530164,深圳天河区,北京朝阳区,陈静,EMP_072,黄芳贸易公司,顺丰速运,食品,零担,2194kg,6.66m³,2726元,2015元,2025-07-24 21:49,2025-02-15 23:51,2025-07-24 21:49,2026-02-12 19:00,已签收,杨敏,1881km,余杭网点,朝阳网点,未及时签收,中
WLYD5509615,南京天河区,深圳余杭区,王静,EMP_072,吴洋贸易公司,顺丰速运,化工品,零担,4694kg,7.39m³,2640元,1865元,2025-03-24 13:16,2026-04-08 03:05,2025-03-24 13:16,2025-01-20 12:53,已签收,张伟,753km,南山网点,鼓楼网点,未及时签收,高
WLYD1730891,广州鼓楼区,上海南山区,王丽,EMP_079,李静贸易公司,顺丰速运,服装,零担,3093kg,4.45m³,191元,1862元,2026-01-24 12:13,2026-12-04 16:01,2026-01-24 12:13,2026-02-22 04:37,已签收,赵芳,946km,朝阳网点,浦东网点,货物损坏,中
WLYD7509303,上海余杭区,广州鼓楼区,李秀英,EMP_045,王磊贸易公司,顺丰速运,电子产品,整车,3806kg,2.94m³,1316元,2271元,2026-01-04 02:26,2026-08-15 10:57,2026-01-04 02:26,2025-05-21 16:05,已退回,黄洋,1473km,天河网点,余杭网点,路线异常,低
WLYD3239101,杭州天河区,南京浦东新区,李娜,EMP_020,刘敏贸易公司,顺丰速运,服装,合同物流,4742kg,8.14m³,1637元,1051元,2025-09-24 09:56,2026-10-06 12:35,2025-09-24 09:56,2026-10-08 20:54,派送中,吴伟,1207km,朝阳网点,南山网点,未及时签收,低
WLYD4758844,广州浦东新区,北京余杭区,周娜,EMP_073,黄强贸易公司,顺丰速运,化工品,整车,2394kg,5.23m³,3042元,389元,2025-02-17 09:27,2026-09-19 00:28,2025-02-17 09:27,2026-04-01 16:58,已签收,陈娜,818km,鼓楼网点,鼓楼网点,货物损坏,高
WLYD1055785,杭州浦东新区,杭州天河区,周芳,EMP_015,杨芳贸易公司,顺丰速运,食品,零担,3240kg,9.60m³,343元,2870元,2026-06-16 07:04,2026-09-24 17:05,2026-06-16 07:04,2026-12-23 02:38,派送中,李秀英,944km,鼓楼网点,朝阳网点,未及时签收,低
WLYD7403437,广州鼓楼区,上海浦东新区,王强,EMP_062,赵洋贸易公司,顺丰速运,电子产品,零担,587kg,1.63m³,2225元,3664元,2026-04-19 18:17,2025-07-21 22:17,2026-04-19 18:17,2025-05-20 04:14,已退回,赵娜,1646km,天河网点,朝阳网点,虚假签收,中
WLYD3996644,杭州余杭区,上海朝阳区,杨伟,EMP_048,李芳贸易公司,顺丰速运,化工品,零担,2507kg,0.29m³,2171元,2251元,2026-04-06 07:54,2026-03-15 01:21,2026-04-06 07:54,2025-05-23 18:50,已退回,周伟,1437km,天河网点,余杭网点,未及时签收,中
WLYD2878024,深圳南山区,深圳朝阳区,杨静,EMP_086,李强贸易公司,顺丰速运,食品,零担,4568kg,8.29m³,701元,171元,2026-08-27 11:56,2025-10-21 10:14,2026-08-27 11:56,2026-03-14 13:42,已退回,赵磊,901km,天河网点,余杭网点,包装破损,中
WLYD2852797,深圳朝阳区,广州南山区,李静,EMP_038,陈秀英贸易公司,顺丰速运,建材,零担,311kg,2.90m³,3772元,1102元,2026-07-22 22:10,2025-11-22 02:24,2026-07-22 22:10,2025-04-01 14:29,派送中,周伟,352km,鼓楼网点,鼓楼网点,运费异常,低
WLYD6883525,广州天河区,广州鼓楼区,杨静,EMP_023,吴娜贸易公司,顺丰速运,服装,整车,4386kg,8.19m³,2464元,2721元,2026-08-05 08:43,2026-09-16 17:23,2026-08-05 08:43,2025-04-24 22:19,已签收,王秀英,1853km,天河网点,鼓楼网点,未及时签收,高
WLYD4986203,北京鼓楼区,广州朝阳区,张洋,EMP_025,周敏贸易公司,顺丰速运,化工品,整车,2397kg,5.57m³,820元,1571元,2025-06-25 21:23,2026-10-08 19:26,2025-06-25 21:23,2025-08-15 07:25,派送中,李洋,95km,南山网点,浦东网点,超时派送,低
WLYD7404587,杭州余杭区,南京南山区,李娜,EMP_030,王静贸易公司,顺丰速运,电子产品,整车,1693kg,5.75m³,722元,687元,2025-09-01 23:14,2025-10-23 14:13,2025-09-01 23:14,2026-04-24 08:25,派送中,刘洋,445km,朝阳网点,余杭网点,超时派送,高
WLYD7045233,北京朝阳区,南京浦东新区,周芳,EMP_062,周丽贸易公司,顺丰速运,服装,零担,1338kg,5.28m³,1720元,404元,2025-03-15 22:51,2026-03-22 08:04,2025-03-15 22:51,2025-02-20 23:12,派送中,张强,785km,鼓楼网点,朝阳网点,重量异常,高
WLYD4024790,杭州鼓楼区,广州浦东新区,吴秀英,EMP_059,王秀英贸易公司,顺丰速运,电子产品,零担,614kg,8.46m³,563元,501元,2026-04-22 10:14,2026-11-04 03:39,2026-04-22 10:14,2025-04-08 09:13,已退回,王娜,1536km,余杭网点,鼓楼网点,超时派送,中
WLYD7254549,深圳天河区,上海朝阳区,黄娜,EMP_092,陈丽贸易公司,顺丰速运,服装,合同物流,2281kg,6.82m³,2166元,1358元,2026-03-16 05:42,2026-03-22 06:22,2026-03-16 05:42,2025-04-27 11:39,派送中,刘娜,1439km,南山网点,鼓楼网点,包装破损,高
WLYD5094021,北京余杭区,北京天河区,李芳,EMP_063,杨磊贸易公司,顺丰速运,服装,整车,4590kg,9.20m³,4615元,1400元,2026-06-18 03:05,2026-07-06 17:54,2026-06-18 03:05,2025-07-07 23:59,派送中,赵伟,1227km,朝阳网点,南山网点,重量异常,低
WLYD6129601,深圳余杭区,北京鼓楼区,赵丽,EMP_041,陈静贸易公司,顺丰速运,建材,整车,2567kg,6.45m³,4394元,1559元,2026-07-26 13:44,2025-07-28 13:03,2026-07-26 13:44,2026-03-05 20:10,已签收,赵静,986km,浦东网点,南山网点,虚假签收,中
WLYD8655667,南京南山区,深圳浦东新区,赵秀英,EMP_100,杨强贸易公司,顺丰速运,化工品,整车,1347kg,5.39m³,1788元,3193元,2026-02-06 15:41,2025-01-12 17:43,2026-02-06 15:41,2025-02-06 18:40,已签收,张丽,1463km,浦东网点,朝阳网点,未及时签收,低
WLYD1880083,杭州浦东新区,上海南山区,张芳,EMP_094,周强贸易公司,顺丰速运,电子产品,零担,3872kg,8.89m³,4870元,1802元,2025-01-18 06:41,2025-04-12 01:39,2025-01-18 06:41,2025-01-21 22:03,已签收,陈娜,1884km,浦东网点,鼓楼网点,包装破损,高
WLYD5380301,上海鼓楼区,广州南山区,黄娜,EMP_073,陈芳贸易公司,顺丰速运,食品,整车,608kg,5.84m³,3741元,3369元,2025-08-11 09:43,2025-08-15 11:28,2025-08-11 09:43,2025-05-18 18:53,派送中,陈敏,97km,鼓楼网点,浦东网点,包装破损,低
WLYD9888816,杭州鼓楼区,杭州朝阳区,赵芳,EMP_064,黄洋贸易公司,顺丰速运,电子产品,整车,832kg,9.05m³,2083元,2907元,2025-01-22 21:00,2026-12-18 09:27,2025-01-22 21:00,2026-05-25 23:35,派送中,刘芳,1352km,鼓楼网点,鼓楼网点,包装破损,中
WLYD5269370,杭州南山区,深圳余杭区,陈芳,EMP_080,黄磊贸易公司,顺丰速运,化工品,整车,4631kg,4.01m³,1005元,4488元,2025-03-15 03:03,2025-09-15 19:42,2025-03-15 03:03,2026-09-14 18:40,派送中,王洋,356km,南山网点,朝阳网点,重量异常,高
WLYD4246478,杭州天河区,南京南山区,吴芳,EMP_039,刘强贸易公司,顺丰速运,电子产品,零担,1924kg,2.04m³,4543元,2220元,2025-05-10 09:32,2025-03-18 23:11,2025-05-10 09:32,2025-02-19 21:13,已签收,王丽,125km,朝阳网点,朝阳网点,运费异常,低
WLYD4872633,杭州南山区,杭州浦东新区,王洋,EMP_017,杨洋贸易公司,顺丰速运,化工品,零担,4664kg,5.60m³,1506元,236元,2025-10-07 18:21,2025-02-11 04:44,2025-10-07 18:21,2025-11-25 15:11,已退回,陈丽,1129km,南山网点,鼓楼网点,包装破损,低
WLYD4883126,广州天河区,深圳朝阳区,刘伟,EMP_047,赵娜贸易公司,顺丰速运,建材,合同物流,1954kg,6.43m³,2932元,1921元,2025-01-02 13:00,2025-04-03 15:53,2025-01-02 13:00,2025-01-09 23:20,已退回,赵芳,168km,天河网点,浦东网点,虚假签收,低
WLYD4653155,深圳余杭区,广州浦东新区,陈秀英,EMP_078,李秀英贸易公司,顺丰速运,电子产品,零担,1508kg,7.04m³,2847元,2351元,2025-05-09 21:40,2025-07-12 13:10,2025-05-09 21:40,2026-12-08 19:30,已退回,黄强,1649km,天河网点,朝阳网点,货物损坏,低
WLYD9861064,深圳浦东新区,上海浦东新区,刘娜,EMP_033,吴磊贸易公司,顺丰速运,食品,合同物流,3979kg,3.16m³,3308元,3601元,2026-09-02 09:59,2025-04-07 13:35,2026-09-02 09:59,2025-02-26 10:20,派送中,李伟,1246km,余杭网点,朝阳网点,虚假签收,高
WLYD6503813,杭州浦东新区,上海天河区,张洋,EMP_021,刘芳贸易公司,顺丰速运,食品,合同物流,2947kg,2.00m³,2481元,3386元,2025-03-15 20:01,2025-02-10 11:35,2025-03-15 20:01,2025-07-28 06:58,派送中,吴伟,731km,朝阳网点,南山网点,货物损坏,高
WLYD3234571,北京朝阳区,杭州南山区,赵秀英,EMP_025,杨秀英贸易公司,顺丰速运,化工品,合同物流,4973kg,8.56m³,3334元,804元,2026-05-25 22:55,2026-08-22 07:21,2026-05-25 22:55,2025-09-17 13:54,派送中,黄芳,1862km,余杭网点,余杭网点,运费异常,低
WLYD9788795,广州天河区,南京余杭区,刘磊,EMP_089,李磊贸易公司,顺丰速运,电子产品,整车,3038kg,4.36m³,4586元,1886元,2025-12-03 21:27,2026-04-06 04:47,2025-12-03 21:27,2026-05-01 15:23,派送中,黄伟,1561km,天河网点,鼓楼网点,超时派送,低
WLYD9456799,广州鼓楼区,北京天河区,王强,EMP_091,张芳贸易公司,顺丰速运,建材,零担,361kg,9.23m³,4402元,904元,2026-05-06 11:44,2026-01-14 05:01,2026-05-06 11:44,2025-11-25 20:15,派送中,赵秀英,1971km,鼓楼网点,朝阳网点,货物损坏,高
WLYD5580463,上海浦东新区,北京朝阳区,周静,EMP_067,张丽贸易公司,顺丰速运,电子产品,整车,4157kg,6.48m³,631元,3524元,2025-07-11 04:18,2025-05-28 07:41,2025-07-11 04:18,2026-10-04 21:41,已退回,王芳,802km,天河网点,朝阳网点,包装破损,高
WLYD9630238,上海浦东新区,杭州朝阳区,杨芳,EMP_046,刘秀英贸易公司,顺丰速运,电子产品,合同物流,3171kg,7.12m³,3557元,2316元,2026-05-17 06:58,2026-12-18 03:09,2026-05-17 06:58,2025-06-12 20:24,已退回,刘丽,1404km,朝阳网点,朝阳网点,超时派送,中
WLYD8327055,杭州朝阳区,杭州鼓楼区,李秀英,EMP_091,王娜贸易公司,顺丰速运,化工品,合同物流,2682kg,3.26m³,4437元,3386元,2026-08-02 06:43,2026-10-19 05:15,2026-08-02 06:43,2025-07-18 15:58,已签收,周秀英,1605km,余杭网点,浦东网点,虚假签收,中
WLYD8328945,广州朝阳区,上海鼓楼区,赵敏,EMP_014,张伟贸易公司,顺丰速运,食品,整车,2380kg,3.57m³,3459元,4118元,2025-01-13 23:41,2026-07-15 11:45,2025-01-13 23:41,2025-04-19 08:12,已签收,黄丽,1513km,朝阳网点,余杭网点,虚假签收,中
WLYD8390310,上海浦东新区,广州朝阳区,陈丽,EMP_081,陈伟贸易公司,顺丰速运,电子产品,零担,3619kg,6.31m³,4962元,3008元,2025-06-08 05:40,2026-12-12 01:59,2025-06-08 05:40,2026-01-20 23:30,已退回,李洋,1618km,余杭网点,鼓楼网点,重量异常,低
WLYD7865047,上海鼓楼区,上海鼓楼区,陈敏,EMP_039,杨秀英贸易公司,顺丰速运,电子产品,整车,3296kg,4.84m³,3597元,2551元,2026-02-15 04:27,2026-08-27 07:32,2026-02-15 04:27,2026-06-01 11:04,派送中,王强,887km,天河网点,南山网点,运费异常,高
WLYD9195931,北京朝阳区,南京余杭区,王伟,EMP_032,刘敏贸易公司,顺丰速运,化工品,零担,3782kg,4.91m³,1461元,3694元,2025-06-23 03:31,2025-12-11 01:13,2025-06-23 03:31,2026-04-06 14:13,派送中,刘强,1813km,南山网点,天河网点,虚假签收,中
WLYD6140194,广州鼓楼区,深圳浦东新区,刘伟,EMP_098,周洋贸易公司,顺丰速运,食品,合同物流,23kg,9.26m³,584元,3682元,2025-01-01 06:51,2025-04-18 15:49,2025-01-01 06:51,2025-04-23 22:09,已退回,刘磊,1309km,朝阳网点,浦东网点,虚假签收,低
WLYD8794013,杭州余杭区,南京余杭区,李秀英,EMP_003,吴娜贸易公司,顺丰速运,食品,零担,4261kg,4.57m³,1303元,3858元,2026-08-07 18:21,2026-09-19 09:50,2026-08-07 18:21,2025-06-19 08:04,已签收,周洋,109km,浦东网点,鼓楼网点,运费异常,高
WLYD2407240,上海鼓楼区,深圳天河区,张磊,EMP_093,杨敏贸易公司,顺丰速运,化工品,整车,2438kg,8.72m³,2572元,3826元,2026-09-02 23:46,2025-04-20 00:05,2026-09-02 23:46,2026-06-17 03:14,已签收,黄娜,1323km,朝阳网点,浦东网点,包装破损,高
WLYD8946314,上海南山区,广州鼓楼区,吴娜,EMP_002,陈洋贸易公司,顺丰速运,服装,零担,4373kg,2.20m³,2124元,209元,2025-08-25 05:23,2026-04-27 18:45,2025-08-25 05:23,2026-09-11 01:40,已退回,张敏,1908km,浦东网点,浦东网点,运费异常,中
WLYD9203399,深圳余杭区,广州鼓楼区,吴静,EMP_006,陈强贸易公司,顺丰速运,建材,合同物流,4059kg,8.06m³,4173元,4373元,2026-08-13 17:58,2026-03-22 00:35,2026-08-13 17:58,2026-12-25 21:39,已签收,李强,1766km,余杭网点,浦东网点,包装破损,低
WLYD4842120,北京鼓楼区,广州浦东新区,王娜,EMP_098,张秀英贸易公司,顺丰速运,建材,整车,869kg,8.12m³,904元,4730元,2026-08-10 15:04,2025-12-10 07:36,2026-08-10 15:04,2026-10-16 01:59,派送中,周强,1279km,天河网点,浦东网点,未及时签收,中
WLYD4864978,杭州鼓楼区,北京南山区,刘伟,EMP_053,张敏贸易公司,顺丰速运,服装,合同物流,4123kg,8.65m³,4716元,3980元,2025-02-09 08:04,2025-12-17 15:18,2025-02-09 08:04,2026-09-24 22:34,已签收,黄洋,1687km,南山网点,朝阳网点,虚假签收,低
WLYD5402869,广州鼓楼区,上海南山区,赵芳,EMP_085,王芳贸易公司,顺丰速运,服装,合同物流,912kg,2.96m³,4444元,1595元,2026-04-25 19:26,2026-02-07 12:33,2026-04-25 19:26,2025-11-07 17:54,已退回,赵秀英,1724km,南山网点,南山网点,路线异常,中
WLYD9632120,深圳浦东新区,杭州鼓楼区,周洋,EMP_054,张磊贸易公司,顺丰速运,食品,合同物流,3927kg,0.64m³,1782元,4129元,2026-12-13 07:39,2026-10-03 16:24,2026-12-13 07:39,2025-05-03 10:07,已签收,刘强,1362km,余杭网点,浦东网点,路线异常,低
WLYD7115178,南京南山区,南京浦东新区,陈伟,EMP_087,刘静贸易公司,顺丰速运,食品,合同物流,2430kg,2.79m³,1961元,4660元,2026-12-01 23:20,2026-08-24 12:23,2026-12-01 23:20,2026-05-28 01:59,派送中,陈芳,133km,天河网点,天河网点,运费异常,低
WLYD2847396,南京天河区,杭州余杭区,李洋,EMP_096,杨洋贸易公司,顺丰速运,化工品,整车,4882kg,3.16m³,829元,2118元,2026-11-10 14:22,2025-07-17 18:06,2026-11-10 14:22,2025-07-24 05:29,已签收,刘洋,449km,浦东网点,余杭网点,路线异常,中
WLYD6020325,北京天河区,上海余杭区,吴芳,EMP_026,吴磊贸易公司,顺丰速运,建材,整车,3310kg,4.43m³,4963元,4381元,2025-10-21 03:10,2026-10-25 02:34,2025-10-21 03:10,2025-11-02 12:48,派送中,刘伟,1016km,朝阳网点,南山网点,超时派送,高
WLYD1284021,广州余杭区,杭州南山区,黄伟,EMP_017,杨芳贸易公司,顺丰速运,建材,零担,2051kg,6.98m³,395元,4029元,2026-12-17 09:09,2026-04-09 06:20,2026-12-17 09:09,2025-06-08 17:07,已退回,赵强,151km,鼓楼网点,余杭网点,货物损坏,中
WLYD5497738,广州鼓楼区,深圳朝阳区,赵洋,EMP_079,吴敏贸易公司,顺丰速运,化工品,零担,2681kg,8.92m³,4687元,1579元,2025-01-20 15:08,2025-01-26 01:10,2025-01-20 15:08,2025-02-22 08:54,已签收,杨伟,865km,余杭网点,浦东网点,路线异常,高
WLYD1986167,广州鼓楼区,南京浦东新区,李强,EMP_045,李伟贸易公司,顺丰速运,食品,整车,3786kg,7.10m³,1478元,234元,2025-07-05 02:13,2026-11-05 17:11,2025-07-05 02:13,2025-11-13 07:31,已退回,张敏,296km,南山网点,鼓楼网点,路线异常,高
WLYD3527699,深圳鼓楼区,南京浦东新区,杨伟,EMP_066,黄敏贸易公司,顺丰速运,建材,零担,4622kg,0.02m³,1718元,1771元,2026-01-25 22:35,2026-02-03 12:42,2026-01-25 22:35,2025-03-11 22:41,已签收,张静,804km,南山网点,浦东网点,重量异常,高
WLYD3483885,北京朝阳区,北京浦东新区,周强,EMP_077,周丽贸易公司,顺丰速运,电子产品,零担,279kg,0.53m³,1722元,3817元,2025-11-24 00:40,2025-11-26 21:06,2025-11-24 00:40,2026-05-21 03:43,已签收,吴芳,1895km,浦东网点,天河网点,路线异常,中
WLYD3002443,上海南山区,广州鼓楼区,王娜,EMP_050,吴秀英贸易公司,顺丰速运,食品,零担,2312kg,9.75m³,202元,1804元,2025-04-20 17:23,2025-11-14 13:34,2025-04-20 17:23,2026-04-03 08:07,已退回,李磊,152km,南山网点,浦东网点,货物损坏,中
WLYD2612048,广州朝阳区,深圳余杭区,杨静,EMP_089,杨磊贸易公司,顺丰速运,建材,合同物流,792kg,5.05m³,1095元,3467元,2026-07-27 18:47,2025-10-20 01:32,2026-07-27 18:47,2026-07-07 07:45,已签收,王娜,1130km,天河网点,余杭网点,货物损坏,中
WLYD5091183,杭州南山区,北京浦东新区,黄秀英,EMP_048,吴丽贸易公司,顺丰速运,建材,整车,1636kg,5.74m³,4547元,3282元,2025-07-14 06:40,2025-07-08 14:55,2025-07-14 06:40,2025-04-23 16:16,已退回,周敏,1438km,朝阳网点,鼓楼网点,未及时签收,高
WLYD2300651,深圳天河区,杭州南山区,吴娜,EMP_094,黄强贸易公司,顺丰速运,电子产品,零担,3029kg,3.02m³,4916元,3993元,2025-06-22 23:12,2025-02-17 13:17,2025-06-22 23:12,2025-07-22 18:40,已签收,陈强,1919km,余杭网点,天河网点,包装破损,高
WLYD7291245,广州天河区,北京天河区,王丽,EMP_048,吴磊贸易公司,顺丰速运,电子产品,合同物流,326kg,6.68m³,1264元,388元,2025-06-13 06:41,2026-11-25 07:59,2025-06-13 06:41,2025-08-08 01:40,已退回,张强,330km,南山网点,鼓楼网点,路线异常,低
WLYD3179235,杭州天河区,南京天河区,陈敏,EMP_062,赵丽贸易公司,顺丰速运,食品,零担,3762kg,9.10m³,2909元,4426元,2026-05-19 17:21,2025-02-20 02:09,2026-05-19 17:21,2026-07-23 21:32,派送中,陈敏,1578km,天河网点,天河网点,超时派送,高
WLYD6724297,南京南山区,南京鼓楼区,黄娜,EMP_089,李娜贸易公司,顺丰速运,电子产品,零担,2324kg,0.41m³,2996元,480元,2026-08-25 22:29,2025-08-24 13:12,2026-08-25 22:29,2026-05-19 19:53,派送中,刘磊,267km,朝阳网点,鼓楼网点,超时派送,中
WLYD2463182,广州余杭区,广州浦东新区,陈秀英,EMP_070,赵丽贸易公司,顺丰速运,服装,整车,4576kg,3.66m³,494元,719元,2025-09-17 21:43,2026-09-19 20:19,2025-09-17 21:43,2025-09-07 21:26,已签收,王强,430km,鼓楼网点,天河网点,虚假签收,高
WLYD4599020,深圳鼓楼区,杭州鼓楼区,黄静,EMP_049,赵磊贸易公司,顺丰速运,建材,整车,2299kg,9.00m³,1157元,3055元,2025-08-12 21:05,2026-10-22 19:19,2025-08-12 21:05,2025-09-16 01:10,派送中,杨磊,1917km,鼓楼网点,鼓楼网点,路线异常,低
WLYD8403026,南京南山区,杭州浦东新区,黄伟,EMP_088,李芳贸易公司,顺丰速运,电子产品,合同物流,1713kg,6.42m³,1978元,2250元,2026-09-24 01:02,2026-06-21 09:12,2026-09-24 01:02,2026-12-02 15:18,已签收,黄娜,71km,天河网点,余杭网点,路线异常,低
WLYD9125674,深圳朝阳区,北京余杭区,张洋,EMP_014,王敏贸易公司,顺丰速运,食品,合同物流,2607kg,9.37m³,840元,447元,2026-04-24 04:42,2025-12-16 09:04,2026-04-24 04:42,2026-03-03 10:17,已签收,赵丽,1932km,天河网点,余杭网点,货物损坏,高
WLYD5244154,上海余杭区,南京余杭区,陈洋,EMP_050,黄强贸易公司,顺丰速运,服装,合同物流,3816kg,5.53m³,260元,1204元,2025-12-01 14:20,2026-02-11 06:31,2025-12-01 14:20,2025-08-07 12:17,已签收,杨芳,1304km,鼓楼网点,浦东网点,虚假签收,中
WLYD9544881,广州天河区,南京浦东新区,杨磊,EMP_037,张芳贸易公司,顺丰速运,建材,整车,828kg,8.02m³,4962元,485元,2025-02-25 07:46,2026-03-20 12:03,2025-02-25 07:46,2025-03-03 11:00,派送中,张洋,1823km,浦东网点,天河网点,未及时签收,低
WLYD5939369,广州南山区,深圳朝阳区,周丽,EMP_018,周磊贸易公司,顺丰速运,服装,合同物流,2082kg,1.74m³,4558元,2180元,2026-07-03 04:05,2026-10-23 12:32,2026-07-03 04:05,2025-05-02 12:29,已退回,陈静,662km,鼓楼网点,南山网点,超时派送,高
WLYD6445313,上海浦东新区,南京天河区,王伟,EMP_073,黄静贸易公司,顺丰速运,建材,零担,2615kg,0.09m³,3894元,4592元,2026-01-11 07:15,2026-11-02 03:22,2026-01-11 07:15,2026-09-27 14:41,已退回,吴洋,1736km,鼓楼网点,南山网点,运费异常,高
WLYD7600916,上海天河区,广州浦东新区,赵洋,EMP_035,王敏贸易公司,顺丰速运,化工品,整车,3980kg,6.59m³,3026元,458元,2026-10-20 01:55,2026-08-23 20:51,2026-10-20 01:55,2025-07-23 17:08,已退回,杨伟,144km,余杭网点,南山网点,未及时签收,中
WLYD3490528,南京朝阳区,深圳天河区,周敏,EMP_082,张伟贸易公司,顺丰速运,服装,整车,16kg,2.41m³,2941元,1357元,2025-01-20 12:33,2025-02-17 01:05,2025-01-20 12:33,2026-07-02 03:36,已退回,张秀英,789km,朝阳网点,余杭网点,货物损坏,低
WLYD5578348,广州天河区,上海南山区,周敏,EMP_100,周磊贸易公司,顺丰速运,电子产品,合同物流,790kg,5.99m³,4059元,3339元,2026-03-10 15:24,2025-12-15 22:21,2026-03-10 15:24,2026-03-10 19:38,已退回,张娜,943km,鼓楼网点,余杭网点,路线异常,低
WLYD1692049,杭州天河区,深圳天河区,黄静,EMP_083,周静贸易公司,顺丰速运,建材,合同物流,849kg,1.71m³,3277元,1269元,2026-03-12 10:26,2026-03-13 13:39,2026-03-12 10:26,2025-02-24 00:33,已签收,陈敏,1272km,朝阳网点,天河网点,超时派送,高
WLYD2963924,深圳朝阳区,广州浦东新区,李秀英,EMP_072,王敏贸易公司,顺丰速运,服装,合同物流,2493kg,8.73m³,1450元,1744元,2026-03-16 12:34,2025-12-14 16:20,2026-03-16 12:34,2025-02-01 17:46,已退回,周洋,455km,余杭网点,朝阳网点,运费异常,高
WLYD7786813,广州浦东新区,南京鼓楼区,黄静,EMP_040,王洋贸易公司,顺丰速运,化工品,零担,4825kg,8.54m³,3074元,2796元,2026-05-22 07:13,2025-03-17 17:46,2026-05-22 07:13,2026-06-27 03:34,派送中,吴洋,897km,浦东网点,浦东网点,路线异常,中
WLYD2409609,北京天河区,广州朝阳区,杨强,EMP_055,杨丽贸易公司,顺丰速运,食品,整车,4823kg,7.21m³,3151元,2322元,2025-02-09 21:51,2025-09-06 19:57,2025-02-09 21:51,2025-03-15 19:14,已退回,陈秀英,1990km,天河网点,南山网点,运费异常,高
WLYD4600787,杭州朝阳区,北京余杭区,张磊,EMP_002,吴强贸易公司,顺丰速运,服装,零担,269kg,3.96m³,4337元,4089元,2025-08-10 17:55,2025-10-05 22:54,2025-08-10 17:55,2026-01-05 19:41,派送中,李洋,1671km,鼓楼网点,朝阳网点,包装破损,低
WLYD1921493,杭州朝阳区,广州朝阳区,赵洋,EMP_040,杨强贸易公司,顺丰速运,服装,零担,4716kg,5.08m³,4971元,1946元,2025-09-05 13:09,2026-11-04 00:43,2025-09-05 13:09,2026-11-19 12:51,已签收,黄强,904km,浦东网点,浦东网点,虚假签收,低
WLYD6475037,杭州浦东新区,南京南山区,刘娜,EMP_089,黄芳贸易公司,顺丰速运,服装,零担,2511kg,7.40m³,512元,2481元,2025-08-14 18:59,2025-02-11 15:10,2025-08-14 18:59,2025-07-19 11:33,已签收,黄静,1965km,浦东网点,南山网点,超时派送,低
WLYD9180111,深圳余杭区,南京余杭区,陈静,EMP_044,刘敏贸易公司,顺丰速运,电子产品,整车,1147kg,3.20m³,884元,1868元,2025-07-19 23:18,2026-10-21 04:47,2025-07-19 23:18,2025-01-20 04:26,已签收,吴秀英,1544km,浦东网点,天河网点,重量异常,中
WLYD5847573,北京朝阳区,南京天河区,吴磊,EMP_010,黄娜贸易公司,顺丰速运,电子产品,整车,2312kg,7.16m³,1987元,4637元,2025-03-25 18:49,2026-04-03 19:04,2025-03-25 18:49,2025-05-03 17:26,已签收,赵洋,880km,朝阳网点,南山网点,货物损坏,高
WLYD5444765,广州余杭区,上海朝阳区,杨强,EMP_072,王敏贸易公司,顺丰速运,食品,整车,1936kg,9.62m³,2186元,2609元,2026-12-23 22:45,2026-06-11 05:00,2026-12-23 22:45,2026-09-01 08:03,已退回,王洋,774km,鼓楼网点,朝阳网点,路线异常,中
WLYD3856949,杭州朝阳区,北京浦东新区,周磊,EMP_050,周强贸易公司,顺丰速运,食品,合同物流,218kg,6.20m³,2765元,2986元,2025-11-21 13:29,2025-10-05 11:33,2025-11-21 13:29,2025-07-07 05:22,已退回,杨磊,1843km,余杭网点,天河网点,路线异常,高
WLYD1632658,北京鼓楼区,广州浦东新区,吴洋,EMP_038,赵磊贸易公司,顺丰速运,建材,整车,4636kg,3.02m³,2637元,4442元,2025-11-13 02:02,2025-08-20 09:41,2025-11-13 02:02,2025-02-06 16:59,已签收,杨磊,1289km,天河网点,余杭网点,运费异常,高
WLYD8034971,深圳余杭区,广州南山区,刘伟,EMP_046,黄洋贸易公司,顺丰速运,化工品,整车,1046kg,2.46m³,4266元,4532元,2026-04-25 05:15,2025-05-16 19:31,2026-04-25 05:15,2025-04-13 12:12,已签收,杨洋,661km,朝阳网点,南山网点,路线异常,低
WLYD8131972,北京浦东新区,杭州鼓楼区,杨芳,EMP_044,吴洋贸易公司,顺丰速运,化工品,零担,3280kg,8.23m³,2023元,4107元,2025-09-28 15:47,2025-07-17 08:52,2025-09-28 15:47,2026-09-01 00:26,已签收,刘秀英,1745km,朝阳网点,南山网点,重量异常,中
WLYD2217364,广州朝阳区,杭州余杭区,张秀英,EMP_007,赵芳贸易公司,顺丰速运,食品,零担,3886kg,9.16m³,2250元,1510元,2025-10-01 07:13,2025-01-18 16:29,2025-10-01 07:13,2025-12-12 17:59,已退回,李娜,675km,天河网点,浦东网点,重量异常,中
WLYD3460348,北京南山区,北京朝阳区,周丽,EMP_050,黄芳贸易公司,顺丰速运,食品,整车,292kg,0.72m³,1953元,3580元,2026-04-14 14:39,2026-12-12 03:46,2026-04-14 14:39,2026-03-28 13:58,派送中,赵洋,408km,鼓楼网点,鼓楼网点,重量异常,中
WLYD2864846,广州朝阳区,杭州南山区,赵敏,EMP_070,周伟贸易公司,顺丰速运,化工品,整车,3292kg,5.53m³,4137元,1542元,2025-01-11 19:02,2025-03-19 07:56,2025-01-11 19:02,2026-06-09 17:59,已签收,陈丽,1441km,南山网点,天河网点,路线异常,高
WLYD8878491,广州余杭区,北京朝阳区,李秀英,EMP_001,王磊贸易公司,顺丰速运,电子产品,合同物流,1015kg,0.55m³,3856元,4129元,2025-08-24 21:50,2025-08-12 18:36,2025-08-24 21:50,2025-03-12 15:22,已退回,陈洋,1898km,浦东网点,浦东网点,超时派送,中
WLYD9738609,南京浦东新区,南京余杭区,陈洋,EMP_002,刘秀英贸易公司,顺丰速运,服装,整车,4397kg,6.12m³,2734元,4372元,2025-03-23 14:57,2025-09-17 20:39,2025-03-23 14:57,2026-05-08 23:23,已退回,刘静,1428km,浦东网点,朝阳网点,路线异常,低
WLYD6003819,杭州南山区,深圳余杭区,刘秀英,EMP_100,李丽贸易公司,顺丰速运,服装,合同物流,4531kg,3.18m³,1985元,94元,2025-12-16 03:07,2026-11-07 21:46,2025-12-16 03:07,2025-07-15 17:58,已签收,赵娜,899km,余杭网点,朝阳网点,虚假签收,高
WLYD2640524,南京余杭区,南京鼓楼区,黄洋,EMP_081,黄秀英贸易公司,顺丰速运,化工品,零担,2558kg,2.12m³,2406元,2827元,2026-02-20 05:25,2026-09-24 12:05,2026-02-20 05:25,2026-09-09 17:47,已签收,刘伟,1276km,浦东网点,南山网点,运费异常,中
WLYD7382247,北京南山区,北京余杭区,黄秀英,EMP_067,刘洋贸易公司,顺丰速运,建材,零担,3487kg,6.32m³,4505元,4200元,2025-03-28 02:32,2026-01-02 11:53,2025-03-28 02:32,2025-08-23 03:47,派送中,杨芳,1590km,鼓楼网点,余杭网点,虚假签收,高
WLYD6105570,杭州浦东新区,深圳浦东新区,黄芳,EMP_031,张芳贸易公司,顺丰速运,建材,整车,3951kg,1.47m³,1934元,831元,2025-12-23 04:59,2025-01-03 16:19,2025-12-23 04:59,2025-02-28 04:53,已退回,黄洋,105km,鼓楼网点,鼓楼网点,货物损坏,低
WLYD1418139,杭州鼓楼区,南京浦东新区,张强,EMP_098,王洋贸易公司,顺丰速运,化工品,整车,1498kg,0.31m³,3640元,4049元,2026-02-18 01:51,2025-09-16 09:10,2026-02-18 01:51,2026-12-21 22:52,已签收,李磊,1315km,鼓楼网点,浦东网点,包装破损,高
WLYD3644054,深圳朝阳区,北京南山区,黄磊,EMP_046,杨丽贸易公司,顺丰速运,化工品,合同物流,4915kg,3.43m³,4522元,208元,2025-07-11 10:54,2025-09-24 06:12,2025-07-11 10:54,2025-03-20 10:16,已退回,黄芳,547km,朝阳网点,朝阳网点,超时派送,中
WLYD7630553,上海朝阳区,杭州浦东新区,杨洋,EMP_026,赵芳贸易公司,顺丰速运,服装,合同物流,3296kg,5.51m³,4886元,3421元,2026-10-23 10:38,2025-07-03 21:29,2026-10-23 10:38,2025-07-11 06:14,派送中,张娜,737km,朝阳网点,余杭网点,虚假签收,低
WLYD2616607,深圳余杭区,杭州鼓楼区,张强,EMP_022,杨洋贸易公司,顺丰速运,电子产品,合同物流,3199kg,9.77m³,2961元,3032元,2026-01-19 21:07,2025-09-09 09:16,2026-01-19 21:07,2026-06-24 06:19,派送中,李伟,93km,南山网点,天河网点,未及时签收,高
WLYD7328607,上海鼓楼区,广州南山区,黄芳,EMP_060,陈秀英贸易公司,顺丰速运,电子产品,零担,4900kg,6.40m³,2515元,1514元,2026-01-13 05:01,2025-06-26 19:49,2026-01-13 05:01,2025-03-07 21:45,已签收,张伟,900km,南山网点,浦东网点,路线异常,高
WLYD8737094,杭州朝阳区,北京余杭区,陈敏,EMP_019,周芳贸易公司,顺丰速运,食品,零担,291kg,7.34m³,140元,4734元,2025-08-05 16:28,2026-06-12 11:44,2025-08-05 16:28,2025-03-02 04:20,已退回,李洋,1378km,浦东网点,余杭网点,重量异常,低
WLYD6467798,深圳天河区,北京南山区,杨伟,EMP_084,赵洋贸易公司,顺丰速运,食品,合同物流,2060kg,9.29m³,3210元,3795元,2025-04-01 14:31,2025-05-08 01:13,2025-04-01 14:31,2026-02-17 16:27,派送中,王伟,476km,朝阳网点,南山网点,重量异常,高
WLYD3512193,深圳余杭区,上海余杭区,吴洋,EMP_059,吴丽贸易公司,顺丰速运,化工品,合同物流,585kg,5.49m³,2418元,4082元,2025-05-11 04:07,2025-04-02 17:34,2025-05-11 04:07,2026-01-27 03:53,已退回,杨秀英,1343km,天河网点,余杭网点,运费异常,高
WLYD3039912,广州南山区,上海天河区,吴磊,EMP_037,吴丽贸易公司,顺丰速运,服装,整车,4675kg,8.85m³,3498元,3324元,2025-10-23 12:40,2026-01-08 07:16,2025-10-23 12:40,2025-02-25 21:07,已签收,刘洋,1723km,浦东网点,余杭网点,重量异常,低
WLYD4304329,深圳余杭区,南京鼓楼区,吴丽,EMP_028,李伟贸易公司,顺丰速运,化工品,零担,3972kg,4.67m³,1715元,2195元,2026-11-19 11:25,2026-08-11 01:54,2026-11-19 11:25,2025-09-28 11:03,派送中,王强,1541km,浦东网点,南山网点,路线异常,低
WLYD6286321,广州朝阳区,上海浦东新区,杨娜,EMP_053,刘丽贸易公司,顺丰速运,化工品,零担,3092kg,8.58m³,4772元,621元,2025-10-04 15:48,2025-09-13 01:48,2025-10-04 15:48,2026-12-08 01:11,派送中,王娜,1641km,天河网点,朝阳网点,重量异常,高
WLYD1212285,广州朝阳区,杭州鼓楼区,吴丽,EMP_028,杨娜贸易公司,顺丰速运,电子产品,零担,3234kg,3.11m³,3000元,3486元,2026-12-10 18:46,2025-02-23 20:09,2026-12-10 18:46,2026-12-23 03:00,已签收,杨芳,546km,鼓楼网点,浦东网点,未及时签收,中
WLYD4881388,杭州鼓楼区,北京朝阳区,赵芳,EMP_087,李洋贸易公司,顺丰速运,服装,整车,2771kg,2.15m³,576元,1944元,2026-02-11 16:56,2026-11-10 11:12,2026-02-11 16:56,2025-01-17 07:13,派送中,陈强,405km,鼓楼网点,南山网点,未及时签收,高
WLYD2609990,杭州天河区,深圳朝阳区,王静,EMP_017,王强贸易公司,顺丰速运,化工品,合同物流,1515kg,7.57m³,397元,2226元,2025-11-21 07:31,2025-01-14 13:33,2025-11-21 07:31,2026-12-12 18:20,派送中,黄洋,464km,朝阳网点,鼓楼网点,运费异常,低
WLYD8984735,上海朝阳区,南京天河区,黄秀英,EMP_007,张伟贸易公司,顺丰速运,食品,零担,1976kg,3.86m³,725元,2622元,2025-09-22 18:12,2026-02-18 06:04,2025-09-22 18:12,2025-04-02 18:50,派送中,黄磊,470km,天河网点,朝阳网点,包装破损,低
WLYD4303009,广州天河区,南京天河区,刘强,EMP_090,李芳贸易公司,顺丰速运,服装,合同物流,2323kg,4.27m³,3344元,3397元,2026-04-02 03:15,2025-02-28 12:45,2026-04-02 03:15,2025-04-23 23:37,派送中,周娜,1594km,朝阳网点,朝阳网点,运费异常,中
WLYD3442203,北京南山区,广州朝阳区,赵伟,EMP_043,杨伟贸易公司,顺丰速运,电子产品,零担,2939kg,2.84m³,754元,3719元,2026-08-22 20:33,2025-06-24 13:01,2026-08-22 20:33,2026-01-27 16:06,已退回,张磊,1459km,鼓楼网点,余杭网点,重量异常,中
WLYD2617691,深圳鼓楼区,深圳浦东新区,王秀英,EMP_038,吴强贸易公司,顺丰速运,食品,整车,2132kg,7.38m³,2489元,1781元,2025-11-02 08:30,2026-11-15 03:46,2025-11-02 08:30,2025-09-19 15:38,已签收,陈静,1003km,天河网点,南山网点,重量异常,中
WLYD8125491,杭州浦东新区,广州鼓楼区,刘娜,EMP_100,周娜贸易公司,顺丰速运,建材,合同物流,4482kg,4.87m³,852元,3935元,2026-06-10 17:57,2026-06-10 17:33,2026-06-10 17:57,2026-05-08 11:25,派送中,王静,883km,余杭网点,鼓楼网点,超时派送,中
WLYD6270300,广州鼓楼区,杭州余杭区,刘伟,EMP_083,陈敏贸易公司,顺丰速运,服装,合同物流,1194kg,0.28m³,2586元,3233元,2026-12-23 08:34,2026-12-11 09:13,2026-12-23 08:34,2025-10-17 21:33,派送中,赵娜,1058km,南山网点,天河网点,路线异常,低
WLYD1879109,杭州南山区,北京天河区,王敏,EMP_053,周敏贸易公司,顺丰速运,电子产品,整车,4211kg,4.87m³,3450元,1340元,2026-02-19 06:53,2026-11-05 11:49,2026-02-19 06:53,2026-07-14 01:11,已签收,王芳,1352km,余杭网点,鼓楼网点,重量异常,低
WLYD3657103,上海天河区,广州浦东新区,王强,EMP_030,周强贸易公司,顺丰速运,电子产品,零担,1594kg,9.40m³,2475元,3457元,2026-10-26 22:33,2025-02-04 18:05,2026-10-26 22:33,2026-11-16 04:57,已签收,黄秀英,404km,鼓楼网点,余杭网点,未及时签收,高
WLYD4962826,上海浦东新区,广州余杭区,陈静,EMP_053,周芳贸易公司,顺丰速运,食品,整车,2879kg,3.79m³,337元,2299元,2026-01-26 08:57,2025-05-04 18:46,2026-01-26 08:57,2026-03-10 02:05,已签收,张敏,1771km,天河网点,天河网点,货物损坏,高
WLYD1715396,广州天河区,深圳天河区,杨静,EMP_068,王磊贸易公司,顺丰速运,建材,零担,1719kg,3.93m³,3054元,3005元,2025-11-14 23:22,2026-06-10 11:41,2025-11-14 23:22,2025-09-03 09:54,已退回,周秀英,1603km,余杭网点,朝阳网点,未及时签收,低
WLYD2250094,深圳天河区,广州余杭区,王丽,EMP_091,王磊贸易公司,顺丰速运,建材,合同物流,4971kg,8.44m³,4080元,109元,2026-03-22 02:28,2025-01-17 18:18,2026-03-22 02:28,2026-01-05 23:42,已退回,周敏,51km,天河网点,鼓楼网点,虚假签收,中
WLYD3108727,杭州浦东新区,深圳朝阳区,黄伟,EMP_033,王磊贸易公司,顺丰速运,食品,整车,1728kg,2.68m³,2381元,2668元,2025-12-19 06:46,2025-02-08 07:41,2025-12-19 06:46,2026-05-05 16:51,已退回,黄磊,454km,鼓楼网点,朝阳网点,超时派送,中
WLYD9606225,上海朝阳区,南京南山区,刘敏,EMP_096,吴娜贸易公司,顺丰速运,建材,整车,4666kg,4.91m³,955元,3111元,2025-10-28 15:07,2025-08-17 12:44,2025-10-28 15:07,2026-10-20 02:22,已签收,周磊,1964km,朝阳网点,南山网点,虚假签收,低
WLYD2036711,广州天河区,上海天河区,赵伟,EMP_098,杨娜贸易公司,顺丰速运,化工品,零担,4226kg,9.51m³,2379元,1364元,2026-08-02 06:22,2026-11-24 05:56,2026-08-02 06:22,2025-06-25 08:13,派送中,周洋,357km,余杭网点,朝阳网点,路线异常,低
WLYD2870683,广州天河区,北京天河区,吴洋,EMP_052,李静贸易公司,顺丰速运,建材,合同物流,3077kg,6.95m³,1982元,2257元,2026-02-26 15:56,2026-03-22 23:33,2026-02-26 15:56,2026-11-06 17:27,派送中,王丽,740km,南山网点,浦东网点,货物损坏,中
WLYD9060470,北京浦东新区,广州天河区,陈娜,EMP_098,刘强贸易公司,顺丰速运,建材,整车,1203kg,0.62m³,1568元,1928元,2026-04-16 00:54,2026-01-06 10:05,2026-04-16 00:54,2026-03-17 09:44,已签收,赵静,1536km,朝阳网点,天河网点,货物损坏,低
WLYD6643165,杭州天河区,北京朝阳区,杨洋,EMP_069,陈芳贸易公司,顺丰速运,食品,整车,2759kg,5.62m³,745元,974元,2026-03-02 23:15,2026-11-12 20:49,2026-03-02 23:15,2025-06-13 11:16,已签收,周丽,1024km,天河网点,鼓楼网点,货物损坏,高
WLYD8140351,南京余杭区,上海浦东新区,李丽,EMP_081,周静贸易公司,顺丰速运,建材,整车,1934kg,7.87m³,1017元,281元,2025-12-23 08:11,2026-08-24 22:09,2025-12-23 08:11,2026-07-07 00:00,派送中,杨敏,1894km,浦东网点,天河网点,虚假签收,低
WLYD5729908,深圳朝阳区,杭州南山区,黄娜,EMP_051,吴秀英贸易公司,顺丰速运,服装,零担,505kg,8.65m³,114元,4665元,2025-03-27 07:10,2025-10-10 06:07,2025-03-27 07:10,2026-02-24 02:46,派送中,杨静,1331km,鼓楼网点,天河网点,虚假签收,高
WLYD4991544,北京浦东新区,北京天河区,刘静,EMP_024,周强贸易公司,顺丰速运,食品,合同物流,1242kg,0.37m³,3588元,4531元,2025-10-15 05:48,2026-11-09 17:27,2025-10-15 05:48,2025-02-06 22:57,已退回,赵娜,204km,浦东网点,鼓楼网点,超时派送,中
WLYD6845019,深圳朝阳区,上海余杭区,陈静,EMP_061,张秀英贸易公司,顺丰速运,食品,整车,120kg,3.51m³,3524元,3884元,2026-01-06 01:36,2025-02-16 06:27,2026-01-06 01:36,2026-04-21 17:31,已退回,周丽,1897km,余杭网点,余杭网点,包装破损,低
WLYD2141854,广州余杭区,广州南山区,黄丽,EMP_086,张芳贸易公司,顺丰速运,食品,整车,1260kg,9.61m³,2090元,3871元,2026-12-06 15:57,2026-02-06 16:59,2026-12-06 15:57,2025-11-24 02:31,派送中,吴丽,642km,朝阳网点,浦东网点,虚假签收,中
WLYD2886641,南京浦东新区,上海南山区,吴磊,EMP_052,刘秀英贸易公司,顺丰速运,化工品,整车,791kg,8.41m³,2241元,2775元,2025-07-26 08:56,2026-02-27 07:01,2025-07-26 08:56,2026-05-16 17:00,已签收,张秀英,1746km,朝阳网点,朝阳网点,虚假签收,低
WLYD1169733,南京鼓楼区,南京天河区,赵磊,EMP_071,陈伟贸易公司,顺丰速运,服装,整车,147kg,8.09m³,2741元,993元,2026-07-04 06:25,2026-10-28 07:26,2026-07-04 06:25,2025-08-02 17:14,已退回,黄强,1424km,余杭网点,天河网点,包装破损,低
WLYD8409996,南京南山区,广州余杭区,赵秀英,EMP_044,张敏贸易公司,顺丰速运,电子产品,整车,1738kg,0.70m³,1605元,2741元,2025-03-09 16:29,2026-04-02 22:54,2025-03-09 16:29,2025-05-26 00:45,已签收,周娜,503km,朝阳网点,浦东网点,包装破损,高
WLYD9586714,北京余杭区,广州余杭区,赵静,EMP_093,周丽贸易公司,顺丰速运,服装,合同物流,4882kg,2.92m³,2162元,2006元,2025-10-01 11:50,2025-07-22 18:52,2025-10-01 11:50,2026-04-18 20:04,已退回,杨丽,861km,天河网点,余杭网点,超时派送,低
WLYD5145340,杭州余杭区,杭州浦东新区,周芳,EMP_009,吴敏贸易公司,顺丰速运,化工品,零担,3008kg,8.26m³,318元,1963元,2026-01-23 08:38,2026-02-27 12:05,2026-01-23 08:38,2025-09-23 06:59,派送中,黄娜,825km,浦东网点,朝阳网点,虚假签收,中
WLYD4459588,南京余杭区,上海鼓楼区,王芳,EMP_009,黄芳贸易公司,顺丰速运,服装,零担,727kg,3.69m³,3133元,4060元,2026-09-16 04:49,2025-05-05 08:04,2026-09-16 04:49,2026-09-05 07:34,已退回,吴伟,182km,余杭网点,鼓楼网点,重量异常,高
WLYD6651781,南京天河区,南京鼓楼区,陈强,EMP_045,张强贸易公司,顺丰速运,服装,整车,1914kg,7.90m³,381元,3841元,2026-02-21 22:11,2025-09-25 13:15,2026-02-21 22:11,2025-02-01 09:17,已签收,王静,593km,余杭网点,浦东网点,包装破损,中
WLYD1900920,杭州南山区,深圳天河区,陈洋,EMP_010,赵娜贸易公司,顺丰速运,建材,整车,4093kg,7.70m³,1018元,2209元,2025-08-13 20:45,2026-07-18 09:57,2025-08-13 20:45,2026-11-24 06:35,派送中,赵丽,712km,浦东网点,朝阳网点,虚假签收,高
WLYD4802462,深圳浦东新区,深圳南山区,张丽,EMP_027,王洋贸易公司,顺丰速运,化工品,整车,1072kg,0.24m³,3752元,2750元,2026-03-25 19:18,2026-11-21 15:56,2026-03-25 19:18,2025-08-07 04:47,已签收,黄芳,361km,鼓楼网点,余杭网点,超时派送,中
WLYD4204819,深圳余杭区,广州余杭区,黄秀英,EMP_048,杨静贸易公司,顺丰速运,服装,整车,1269kg,6.63m³,3778元,1614元,2026-05-23 04:29,2025-06-15 15:27,2026-05-23 04:29,2025-03-26 06:47,派送中,张丽,698km,南山网点,南山网点,运费异常,高
WLYD5671019,上海天河区,北京鼓楼区,周强,EMP_092,杨静贸易公司,顺丰速运,服装,合同物流,1822kg,7.12m³,4343元,1680元,2025-05-07 01:22,2025-08-06 09:54,2025-05-07 01:22,2025-06-17 23:58,派送中,张丽,1327km,朝阳网点,南山网点,运费异常,中
WLYD2158111,上海鼓楼区,南京朝阳区,王敏,EMP_070,杨洋贸易公司,顺丰速运,服装,零担,2075kg,9.40m³,826元,2306元,2026-06-01 10:47,2026-11-02 16:59,2026-06-01 10:47,2025-07-19 03:40,派送中,张洋,674km,浦东网点,鼓楼网点,未及时签收,高
WLYD8632672,北京天河区,上海南山区,黄静,EMP_092,陈强贸易公司,顺丰速运,食品,合同物流,2267kg,8.12m³,1878元,2965元,2026-11-24 08:00,2026-09-10 17:24,2026-11-24 08:00,2026-06-15 15:14,派送中,周静,913km,朝阳网点,鼓楼网点,超时派送,低
WLYD6975801,杭州南山区,南京鼓楼区,吴洋,EMP_054,王敏贸易公司,顺丰速运,电子产品,零担,642kg,7.93m³,1986元,4616元,2025-10-16 10:31,2025-01-07 23:04,2025-10-16 10:31,2025-06-27 11:31,已签收,黄磊,1824km,南山网点,天河网点,运费异常,中
WLYD3995019,深圳余杭区,广州天河区,周磊,EMP_039,张秀英贸易公司,顺丰速运,服装,零担,1361kg,2.93m³,4391元,3814元,2026-11-18 20:53,2025-11-16 08:05,2026-11-18 20:53,2025-06-20 21:20,已签收,王敏,1500km,浦东网点,浦东网点,包装破损,低
WLYD6239262,深圳鼓楼区,广州余杭区,陈芳,EMP_018,周伟贸易公司,顺丰速运,化工品,零担,3433kg,1.13m³,2070元,1320元,2025-06-19 14:06,2025-08-09 01:22,2025-06-19 14:06,2026-06-06 02:50,派送中,吴芳,382km,鼓楼网点,鼓楼网点,虚假签收,低
WLYD5440565,杭州南山区,广州南山区,吴娜,EMP_005,吴丽贸易公司,顺丰速运,电子产品,零担,2043kg,4.35m³,647元,650元,2026-10-21 10:24,2026-05-25 10:22,2026-10-21 10:24,2026-02-20 08:15,已退回,张静,608km,天河网点,余杭网点,虚假签收,高
WLYD8210675,深圳余杭区,深圳余杭区,杨敏,EMP_024,杨丽贸易公司,顺丰速运,化工品,整车,3351kg,8.84m³,1714元,937元,2026-06-02 05:08,2026-02-05 17:30,2026-06-02 05:08,2026-12-10 01:51,已退回,杨秀英,107km,天河网点,浦东网点,未及时签收,中
WLYD3206062,杭州南山区,杭州余杭区,李强,EMP_020,周强贸易公司,顺丰速运,服装,整车,4466kg,3.41m³,2488元,3612元,2025-02-20 00:14,2026-06-18 05:02,2025-02-20 00:14,2026-06-11 09:25,派送中,刘洋,1631km,余杭网点,南山网点,虚假签收,低
WLYD6059053,上海浦东新区,深圳朝阳区,周芳,EMP_060,王磊贸易公司,顺丰速运,电子产品,整车,4151kg,3.83m³,2907元,3365元,2025-01-05 09:03,2026-06-24 17:52,2025-01-05 09:03,2025-08-20 22:06,已签收,刘敏,1316km,南山网点,浦东网点,货物损坏,中
WLYD9811719,广州朝阳区,深圳浦东新区,刘娜,EMP_062,陈强贸易公司,顺丰速运,食品,整车,720kg,5.77m³,4166元,3337元,2025-01-20 19:43,2025-06-27 08:19,2025-01-20 19:43,2025-08-23 05:34,派送中,周静,890km,朝阳网点,浦东网点,货物损坏,低
WLYD8274038,广州余杭区,南京朝阳区,周丽,EMP_063,杨秀英贸易公司,顺丰速运,化工品,零担,4107kg,7.60m³,1917元,3785元,2026-08-27 00:13,2026-09-19 11:48,2026-08-27 00:13,2026-05-06 12:34,派送中,陈强,1426km,浦东网点,鼓楼网点,未及时签收,低
WLYD2458570,深圳浦东新区,上海南山区,周伟,EMP_011,赵敏贸易公司,顺丰速运,电子产品,合同物流,472kg,6.29m³,4188元,4709元,2025-03-17 11:25,2025-05-05 14:18,2025-03-17 11:25,2025-08-27 03:25,已退回,吴芳,1515km,鼓楼网点,南山网点,重量异常,中
WLYD9694968,上海鼓楼区,广州浦东新区,周强,EMP_042,刘静贸易公司,顺丰速运,服装,零担,2767kg,0.30m³,3920元,344元,2026-11-28 05:36,2025-08-17 13:22,2026-11-28 05:36,2026-12-01 07:56,已退回,刘娜,1700km,天河网点,浦东网点,货物损坏,低
WLYD7523453,南京余杭区,北京鼓楼区,陈秀英,EMP_009,刘芳贸易公司,顺丰速运,建材,合同物流,4132kg,2.84m³,3979元,437元,2026-07-02 20:56,2026-09-24 00:27,2026-07-02 20:56,2026-09-12 08:08,派送中,杨磊,757km,鼓楼网点,天河网点,未及时签收,中
WLYD6216242,北京鼓楼区,深圳鼓楼区,赵敏,EMP_037,周伟贸易公司,顺丰速运,食品,合同物流,4252kg,6.45m³,2520元,4684元,2025-08-10 16:35,2025-04-08 02:11,2025-08-10 16:35,2025-10-12 09:28,派送中,吴磊,66km,南山网点,天河网点,未及时签收,中
WLYD7362882,广州浦东新区,广州天河区,陈伟,EMP_002,李敏贸易公司,顺丰速运,服装,整车,3676kg,9.77m³,2736元,859元,2025-08-14 10:16,2026-06-06 03:43,2025-08-14 10:16,2026-08-09 06:04,已退回,周丽,913km,鼓楼网点,浦东网点,运费异常,低
WLYD4592565,广州南山区,广州余杭区,黄敏,EMP_093,周静贸易公司,顺丰速运,建材,整车,598kg,9.17m³,3549元,2026元,2026-08-06 12:33,2026-03-22 06:50,2026-08-06 12:33,2026-07-25 09:09,派送中,李强,1913km,鼓楼网点,朝阳网点,超时派送,高
WLYD3284170,深圳南山区,广州浦东新区,王芳,EMP_070,张敏贸易公司,顺丰速运,服装,零担,1339kg,4.90m³,2920元,1772元,2025-10-16 07:01,2025-03-15 06:01,2025-10-16 07:01,2025-09-07 11:08,派送中,张静,1383km,南山网点,鼓楼网点,路线异常,低
WLYD9696854,深圳朝阳区,广州朝阳区,吴丽,EMP_040,王芳贸易公司,顺丰速运,建材,整车,4555kg,9.84m³,3579元,4138元,2025-11-27 03:48,2025-01-06 01:36,2025-11-27 03:48,2026-01-13 19:23,已签收,李磊,750km,天河网点,朝阳网点,运费异常,中
WLYD9687129,南京南山区,北京余杭区,黄伟,EMP_100,李丽贸易公司,顺丰速运,食品,零担,212kg,3.29m³,2828元,1211元,2025-12-21 07:03,2025-01-23 12:59,2025-12-21 07:03,2026-10-21 23:06,已退回,杨洋,1609km,朝阳网点,浦东网点,货物损坏,高
WLYD8118783,杭州南山区,北京余杭区,杨芳,EMP_096,黄秀英贸易公司,顺丰速运,服装,零担,4693kg,3.80m³,2085元,3227元,2025-07-14 13:29,2025-04-12 03:03,2025-07-14 13:29,2025-01-28 01:51,已签收,黄磊,1201km,浦东网点,鼓楼网点,货物损坏,低
WLYD3379428,上海浦东新区,深圳鼓楼区,王洋,EMP_058,陈敏贸易公司,顺丰速运,电子产品,零担,1629kg,0.39m³,963元,2373元,2026-04-18 02:53,2026-05-27 17:19,2026-04-18 02:53,2026-04-14 19:42,派送中,赵洋,1687km,南山网点,鼓楼网点,未及时签收,高
WLYD8895202,北京浦东新区,杭州南山区,黄洋,EMP_092,杨秀英贸易公司,顺丰速运,电子产品,合同物流,4065kg,9.08m³,4847元,927元,2025-08-03 05:14,2025-09-07 23:40,2025-08-03 05:14,2025-04-11 19:42,已签收,吴丽,63km,朝阳网点,浦东网点,运费异常,中
WLYD8317334,南京天河区,北京浦东新区,王洋,EMP_099,杨娜贸易公司,顺丰速运,化工品,合同物流,1890kg,7.55m³,3887元,2323元,2026-02-12 05:19,2025-09-17 01:04,2026-02-12 05:19,2026-03-16 00:28,已签收,刘静,1484km,余杭网点,鼓楼网点,虚假签收,中
WLYD7796546,北京天河区,广州浦东新区,吴伟,EMP_072,张芳贸易公司,顺丰速运,建材,整车,9kg,9.61m³,3380元,1533元,2025-09-23 17:35,2026-08-12 10:54,2025-09-23 17:35,2026-12-28 12:52,已退回,陈敏,351km,南山网点,天河网点,货物损坏,低
WLYD3017368,深圳天河区,杭州余杭区,李洋,EMP_018,赵娜贸易公司,顺丰速运,食品,整车,363kg,6.33m³,4897元,3329元,2025-05-05 03:49,2026-07-21 13:36,2025-05-05 03:49,2026-09-05 07:14,已签收,张强,1941km,朝阳网点,余杭网点,超时派送,高
WLYD2508475,杭州余杭区,杭州朝阳区,杨丽,EMP_084,赵静贸易公司,顺丰速运,建材,整车,1112kg,7.54m³,493元,291元,2025-05-14 12:10,2026-12-14 15:28,2025-05-14 12:10,2026-09-25 12:17,已签收,王磊,262km,余杭网点,余杭网点,重量异常,中
WLYD4434273,南京南山区,深圳朝阳区,刘磊,EMP_072,李伟贸易公司,顺丰速运,食品,合同物流,2144kg,1.71m³,1222元,4311元,2026-03-05 02:50,2026-07-16 00:02,2026-03-05 02:50,2025-04-10 17:13,已退回,李敏,1878km,天河网点,浦东网点,未及时签收,中
WLYD3916345,深圳天河区,广州鼓楼区,吴静,EMP_098,周静贸易公司,顺丰速运,食品,合同物流,2057kg,2.64m³,2193元,3155元,2026-10-28 11:45,2026-06-03 04:53,2026-10-28 11:45,2026-08-04 12:38,已退回,王娜,1415km,朝阳网点,南山网点,虚假签收,低
WLYD8272695,广州鼓楼区,深圳鼓楼区,王强,EMP_085,王静贸易公司,顺丰速运,服装,零担,4551kg,5.64m³,4836元,2825元,2026-10-19 02:54,2026-07-05 22:39,2026-10-19 02:54,2026-06-08 14:17,已签收,周洋,594km,南山网点,鼓楼网点,虚假签收,高
WLYD4780566,广州鼓楼区,北京南山区,周敏,EMP_025,杨强贸易公司,顺丰速运,电子产品,零担,4137kg,0.83m³,4076元,4635元,2026-07-22 12:52,2025-08-02 11:41,2026-07-22 12:52,2025-02-07 21:01,派送中,刘秀英,1130km,南山网点,余杭网点,路线异常,高
WLYD5907215,北京浦东新区,上海南山区,陈静,EMP_017,吴静贸易公司,顺丰速运,服装,整车,4485kg,3.11m³,3066元,3639元,2025-12-12 01:21,2025-06-09 20:08,2025-12-12 01:21,2026-08-24 13:50,已签收,黄洋,1720km,鼓楼网点,天河网点,路线异常,中
WLYD9984708,上海南山区,南京南山区,陈伟,EMP_031,赵伟贸易公司,顺丰速运,服装,整车,3195kg,6.30m³,3703元,4218元,2026-01-10 12:50,2025-07-24 21:03,2026-01-10 12:50,2025-08-19 12:36,已签收,吴磊,722km,浦东网点,天河网点,路线异常,中
WLYD4586549,北京鼓楼区,广州浦东新区,赵洋,EMP_006,陈秀英贸易公司,顺丰速运,电子产品,整车,671kg,0.03m³,3192元,96元,2025-01-26 21:26,2026-05-24 01:45,2025-01-26 21:26,2025-07-01 12:32,已退回,陈娜,1034km,鼓楼网点,浦东网点,运费异常,中
WLYD8461333,北京浦东新区,广州余杭区,周丽,EMP_087,周强贸易公司,顺丰速运,电子产品,合同物流,1366kg,1.55m³,4413元,993元,2026-07-04 15:47,2026-10-22 10:17,2026-07-04 15:47,2025-01-06 00:04,已退回,刘娜,486km,南山网点,天河网点,未及时签收,低
WLYD1888735,上海浦东新区,杭州鼓楼区,黄芳,EMP_024,吴丽贸易公司,顺丰速运,服装,整车,2368kg,4.07m³,1395元,1724元,2026-09-03 04:38,2026-08-16 22:17,2026-09-03 04:38,2026-07-03 17:58,已退回,黄伟,1223km,余杭网点,鼓楼网点,虚假签收,低
WLYD1408731,深圳鼓楼区,上海朝阳区,刘芳,EMP_079,王强贸易公司,顺丰速运,电子产品,零担,1937kg,6.00m³,4537元,204元,2025-02-16 20:18,2026-04-09 22:27,2025-02-16 20:18,2026-04-02 22:13,已签收,周娜,601km,天河网点,天河网点,未及时签收,中
WLYD1867217,杭州余杭区,杭州鼓楼区,赵芳,EMP_086,王强贸易公司,顺丰速运,电子产品,合同物流,1830kg,4.62m³,675元,1454元,2026-03-27 07:08,2025-10-14 11:50,2026-03-27 07:08,2026-04-23 01:29,已签收,张丽,1143km,余杭网点,朝阳网点,包装破损,中
WLYD4409828,杭州余杭区,杭州天河区,赵敏,EMP_003,赵强贸易公司,顺丰速运,电子产品,零担,2091kg,0.26m³,3455元,935元,2025-01-12 20:41,2026-07-07 13:50,2025-01-12 20:41,2025-12-25 07:42,已退回,李秀英,707km,鼓楼网点,南山网点,包装破损,中
WLYD3526206,南京天河区,杭州鼓楼区,周秀英,EMP_074,陈敏贸易公司,顺丰速运,化工品,零担,4748kg,4.06m³,507元,2652元,2025-11-05 19:07,2026-06-14 00:15,2025-11-05 19:07,2026-05-03 02:47,派送中,刘磊,1004km,天河网点,鼓楼网点,超时派送,中
WLYD4566174,广州余杭区,上海鼓楼区,杨伟,EMP_004,黄伟贸易公司,顺丰速运,化工品,零担,2014kg,1.45m³,4767元,4484元,2026-04-20 15:51,2026-06-14 18:38,2026-04-20 15:51,2026-08-07 18:24,已签收,陈丽,1736km,余杭网点,鼓楼网点,未及时签收,中
WLYD3892634,上海余杭区,南京余杭区,吴芳,EMP_035,陈洋贸易公司,顺丰速运,化工品,整车,4533kg,0.47m³,363元,1732元,2025-04-07 14:05,2026-04-08 14:06,2025-04-07 14:05,2025-02-08 21:10,已退回,杨敏,54km,天河网点,余杭网点,重量异常,高
WLYD2047029,杭州浦东新区,北京天河区,张静,EMP_073,吴伟贸易公司,顺丰速运,化工品,整车,886kg,2.96m³,3359元,4490元,2025-02-26 01:27,2026-05-04 16:39,2025-02-26 01:27,2026-07-21 06:49,已签收,周伟,797km,鼓楼网点,余杭网点,重量异常,中
WLYD8740099,广州朝阳区,杭州鼓楼区,张娜,EMP_029,周芳贸易公司,顺丰速运,食品,整车,4225kg,0.88m³,943元,3883元,2026-01-21 17:38,2025-01-13 00:04,2026-01-21 17:38,2026-10-21 09:00,已退回,黄秀英,1955km,浦东网点,天河网点,重量异常,中
WLYD4441348,南京南山区,广州余杭区,张静,EMP_022,张娜贸易公司,顺丰速运,食品,整车,1939kg,8.03m³,2564元,1603元,2026-12-17 11:37,2026-01-26 08:11,2026-12-17 11:37,2025-09-23 17:33,已退回,刘芳,486km,余杭网点,余杭网点,运费异常,低
WLYD1141512,上海鼓楼区,上海南山区,周娜,EMP_008,吴秀英贸易公司,顺丰速运,电子产品,整车,150kg,9.13m³,2021元,1172元,2026-05-26 13:17,2026-09-11 06:45,2026-05-26 13:17,2025-06-16 14:25,已退回,吴伟,1687km,南山网点,南山网点,货物损坏,高
WLYD9464912,杭州余杭区,北京南山区,张芳,EMP_060,赵丽贸易公司,顺丰速运,电子产品,合同物流,346kg,6.50m³,1357元,4554元,2026-07-20 00:43,2025-12-21 08:12,2026-07-20 00:43,2025-04-28 23:37,已签收,黄丽,1164km,鼓楼网点,南山网点,运费异常,高
WLYD1270427,广州朝阳区,南京余杭区,黄敏,EMP_093,张强贸易公司,顺丰速运,服装,零担,43kg,1.23m³,1914元,3780元,2025-04-16 13:09,2025-06-28 19:11,2025-04-16 13:09,2025-01-12 07:56,派送中,黄强,1336km,鼓楼网点,朝阳网点,超时派送,低
WLYD9332828,杭州余杭区,广州浦东新区,王伟,EMP_077,吴伟贸易公司,顺丰速运,化工品,合同物流,2387kg,9.32m³,2226元,834元,2026-01-12 10:51,2026-01-10 13:42,2026-01-12 10:51,2025-01-02 11:54,派送中,陈娜,118km,朝阳网点,天河网点,未及时签收,低
WLYD1269960,南京南山区,深圳鼓楼区,黄强,EMP_061,刘磊贸易公司,顺丰速运,电子产品,整车,2258kg,7.94m³,4154元,1203元,2026-06-22 12:27,2025-08-02 17:08,2026-06-22 12:27,2026-01-06 00:13,已退回,吴丽,741km,余杭网点,浦东网点,路线异常,中
WLYD9543118,广州浦东新区,上海鼓楼区,王秀英,EMP_072,刘敏贸易公司,顺丰速运,食品,合同物流,4290kg,7.35m³,2850元,2844元,2025-09-07 05:56,2026-07-05 22:20,2025-09-07 05:56,2025-11-02 06:17,已退回,吴洋,1612km,天河网点,鼓楼网点,货物损坏,低
WLYD8456276,深圳鼓楼区,杭州朝阳区,吴敏,EMP_006,吴伟贸易公司,顺丰速运,食品,整车,244kg,5.04m³,1083元,337元,2025-01-25 04:33,2025-12-19 03:06,2025-01-25 04:33,2026-09-04 13:22,已签收,周静,733km,余杭网点,浦东网点,虚假签收,低
WLYD5750801,北京天河区,深圳浦东新区,张丽,EMP_098,李芳贸易公司,顺丰速运,服装,零担,2186kg,9.66m³,1771元,3293元,2026-08-14 16:50,2026-10-17 09:11,2026-08-14 16:50,2025-12-25 01:58,派送中,张磊,1902km,鼓楼网点,浦东网点,虚假签收,中
WLYD9673049,深圳余杭区,广州浦东新区,张伟,EMP_078,李强贸易公司,顺丰速运,建材,零担,2504kg,7.80m³,4305元,1267元,2026-12-21 04:17,2026-02-02 10:57,2026-12-21 04:17,2025-09-19 05:36,已退回,杨丽,306km,朝阳网点,余杭网点,运费异常,高
WLYD1198839,杭州朝阳区,深圳浦东新区,黄敏,EMP_017,李伟贸易公司,顺丰速运,服装,零担,4699kg,3.40m³,3003元,2196元,2026-01-20 06:58,2025-01-27 03:04,2026-01-20 06:58,2026-06-25 06:53,已退回,张伟,920km,鼓楼网点,朝阳网点,运费异常,高
WLYD4622550,杭州鼓楼区,南京鼓楼区,王强,EMP_004,周洋贸易公司,顺丰速运,服装,整车,3503kg,3.80m³,3867元,4139元,2025-03-06 12:12,2025-01-07 17:41,2025-03-06 12:12,2025-01-04 07:07,已退回,王伟,1704km,鼓楼网点,余杭网点,路线异常,中
WLYD4761566,上海鼓楼区,上海南山区,刘伟,EMP_089,周丽贸易公司,顺丰速运,化工品,零担,3384kg,4.17m³,3998元,356元,2026-10-10 18:06,2026-04-21 03:24,2026-10-10 18:06,2026-02-25 05:38,派送中,陈伟,127km,浦东网点,南山网点,运费异常,低
WLYD4044078,深圳鼓楼区,上海南山区,赵强,EMP_066,张敏贸易公司,顺丰速运,食品,合同物流,462kg,1.42m³,4678元,4476元,2026-09-23 09:46,2026-09-14 02:30,2026-09-23 09:46,2026-03-02 21:47,派送中,吴敏,1673km,天河网点,天河网点,路线异常,低
WLYD3705302,杭州南山区,杭州余杭区,赵静,EMP_039,李洋贸易公司,顺丰速运,建材,零担,976kg,4.80m³,619元,2619元,2025-04-13 09:54,2026-04-18 20:32,2025-04-13 09:54,2026-06-16 01:51,已退回,刘丽,1623km,浦东网点,余杭网点,虚假签收,高
WLYD5198305,深圳南山区,广州鼓楼区,周芳,EMP_042,陈丽贸易公司,顺丰速运,电子产品,整车,867kg,6.04m³,4362元,936元,2026-10-15 21:46,2026-01-14 08:24,2026-10-15 21:46,2026-03-16 21:33,已签收,王洋,1666km,天河网点,南山网点,虚假签收,中
WLYD9370114,上海鼓楼区,深圳鼓楼区,赵娜,EMP_032,吴强贸易公司,顺丰速运,食品,合同物流,3944kg,5.18m³,3962元,4016元,2025-06-16 05:07,2026-05-14 04:10,2025-06-16 05:07,2025-11-13 12:02,已签收,赵娜,1857km,朝阳网点,浦东网点,重量异常,高
WLYD6676017,广州余杭区,杭州南山区,张静,EMP_036,吴芳贸易公司,顺丰速运,食品,零担,2627kg,9.07m³,4391元,1251元,2026-07-11 03:25,2026-07-14 07:08,2026-07-11 03:25,2025-11-28 21:17,已签收,周静,1318km,浦东网点,南山网点,货物损坏,中
WLYD6062618,上海朝阳区,杭州浦东新区,李静,EMP_041,刘娜贸易公司,顺丰速运,服装,整车,4354kg,5.63m³,1552元,972元,2025-10-01 22:50,2025-07-15 00:25,2025-10-01 22:50,2025-05-28 12:05,已签收,陈静,718km,余杭网点,浦东网点,虚假签收,中
WLYD4083701,南京浦东新区,上海南山区,刘静,EMP_074,赵伟贸易公司,顺丰速运,化工品,合同物流,1370kg,5.81m³,1197元,2388元,2025-09-27 16:32,2026-06-25 03:22,2025-09-27 16:32,2026-09-22 16:04,已退回,李静,753km,南山网点,余杭网点,运费异常,高
WLYD3859558,南京余杭区,杭州天河区,李强,EMP_008,黄洋贸易公司,顺丰速运,化工品,合同物流,3701kg,2.43m³,233元,2648元,2025-05-05 13:04,2026-09-06 15:47,2025-05-05 13:04,2025-09-21 10:23,已退回,李娜,1198km,余杭网点,鼓楼网点,路线异常,低
WLYD2853280,南京鼓楼区,深圳鼓楼区,赵敏,EMP_008,刘秀英贸易公司,顺丰速运,化工品,整车,4541kg,8.25m³,4436元,3235元,2025-09-01 02:42,2025-05-16 07:43,2025-09-01 02:42,2026-06-05 14:06,派送中,吴丽,395km,浦东网点,朝阳网点,包装破损,中
WLYD8941298,上海天河区,南京浦东新区,赵静,EMP_051,陈磊贸易公司,顺丰速运,食品,整车,1736kg,8.43m³,2932元,161元,2025-09-11 02:09,2025-08-18 18:31,2025-09-11 02:09,2026-12-06 02:41,已退回,李秀英,364km,浦东网点,浦东网点,虚假签收,高
WLYD5332699,杭州南山区,杭州南山区,周静,EMP_065,周丽贸易公司,顺丰速运,建材,合同物流,4081kg,2.85m³,1550元,394元,2025-08-24 13:09,2025-11-21 18:28,2025-08-24 13:09,2026-11-18 13:07,已退回,吴娜,1540km,朝阳网点,天河网点,虚假签收,高
WLYD1286621,杭州天河区,北京浦东新区,张娜,EMP_058,赵磊贸易公司,顺丰速运,食品,整车,2054kg,5.70m³,3672元,3976元,2025-04-22 03:06,2026-10-28 21:17,2025-04-22 03:06,2026-04-02 02:36,已退回,李敏,584km,鼓楼网点,朝阳网点,货物损坏,低
WLYD2928170,深圳朝阳区,深圳朝阳区,赵磊,EMP_070,杨洋贸易公司,顺丰速运,电子产品,整车,348kg,6.93m³,3106元,3365元,2025-06-13 05:51,2026-06-15 04:12,2025-06-13 05:51,2025-01-28 20:01,已退回,吴秀英,212km,天河网点,南山网点,重量异常,高
WLYD2968507,南京天河区,广州朝阳区,吴强,EMP_035,刘娜贸易公司,顺丰速运,服装,零担,4631kg,9.83m³,1811元,924元,2026-10-20 15:48,2026-07-19 15:50,2026-10-20 15:48,2026-07-23 15:57,已退回,陈静,514km,余杭网点,余杭网点,路线异常,低
WLYD8554603,南京南山区,上海浦东新区,陈丽,EMP_072,周敏贸易公司,顺丰速运,建材,整车,195kg,6.19m³,618元,3647元,2026-09-20 10:44,2025-05-27 04:41,2026-09-20 10:44,2026-10-22 08:59,已签收,杨丽,264km,南山网点,鼓楼网点,重量异常,高
WLYD1708858,广州南山区,广州天河区,周洋,EMP_087,陈静贸易公司,顺丰速运,电子产品,零担,890kg,0.77m³,3035元,3331元,2026-08-13 06:45,2026-06-23 18:24,2026-08-13 06:45,2026-12-10 14:55,已退回,黄伟,818km,浦东网点,浦东网点,未及时签收,高
WLYD6727970,杭州南山区,杭州鼓楼区,赵娜,EMP_008,黄丽贸易公司,顺丰速运,食品,零担,305kg,4.02m³,4867元,3693元,2025-02-06 13:59,2026-03-27 07:27,2025-02-06 13:59,2025-05-17 13:15,已退回,刘秀英,1646km,余杭网点,浦东网点,包装破损,中
WLYD4579963,深圳余杭区,深圳余杭区,赵丽,EMP_086,王娜贸易公司,顺丰速运,食品,整车,4218kg,4.32m³,3153元,2480元,2026-05-21 07:14,2026-06-06 06:19,2026-05-21 07:14,2026-10-28 22:00,已退回,赵丽,1137km,余杭网点,浦东网点,路线异常,中
WLYD3037255,南京余杭区,上海朝阳区,杨敏,EMP_057,吴静贸易公司,顺丰速运,电子产品,整车,300kg,5.36m³,387元,2989元,2026-12-01 04:23,2026-03-02 17:05,2026-12-01 04:23,2026-11-28 13:06,派送中,张娜,1818km,鼓楼网点,南山网点,路线异常,高
WLYD5634268,杭州鼓楼区,北京朝阳区,张伟,EMP_099,刘芳贸易公司,顺丰速运,服装,合同物流,2438kg,3.18m³,924元,4425元,2026-07-07 09:34,2025-05-23 11:22,2026-07-07 09:34,2025-04-05 06:41,已退回,李芳,208km,朝阳网点,天河网点,未及时签收,中
WLYD2390670,杭州南山区,上海朝阳区,黄丽,EMP_064,张磊贸易公司,顺丰速运,建材,零担,2561kg,8.56m³,2136元,1744元,2026-05-18 14:56,2025-03-26 20:20,2026-05-18 14:56,2026-04-26 01:12,已签收,吴敏,516km,朝阳网点,鼓楼网点,未及时签收,中
WLYD5661532,广州南山区,上海天河区,刘静,EMP_071,张洋贸易公司,顺丰速运,化工品,零担,1869kg,1.37m³,4736元,165元,2025-06-03 22:10,2026-10-18 19:54,2025-06-03 22:10,2025-04-02 18:56,已退回,刘洋,155km,南山网点,余杭网点,超时派送,高
WLYD4723932,北京朝阳区,北京天河区,周敏,EMP_034,周敏贸易公司,顺丰速运,建材,合同物流,935kg,9.65m³,143元,4390元,2025-06-18 08:50,2026-09-20 17:28,2025-06-18 08:50,2026-08-20 04:51,派送中,陈伟,102km,南山网点,南山网点,货物损坏,中
WLYD8511697,杭州鼓楼区,深圳朝阳区,张芳,EMP_075,王敏贸易公司,顺丰速运,食品,合同物流,1604kg,2.30m³,1896元,3203元,2025-05-16 02:41,2025-12-28 20:58,2025-05-16 02:41,2026-11-21 05:51,已退回,陈磊,1241km,朝阳网点,朝阳网点,未及时签收,中
WLYD4353436,上海南山区,深圳朝阳区,刘静,EMP_072,杨芳贸易公司,顺丰速运,建材,零担,2491kg,4.76m³,3275元,4383元,2025-05-01 07:44,2025-04-06 05:31,2025-05-01 07:44,2026-11-11 17:00,已签收,王丽,1550km,浦东网点,朝阳网点,超时派送,中
WLYD9386771,广州朝阳区,北京鼓楼区,杨娜,EMP_021,李磊贸易公司,顺丰速运,食品,零担,2367kg,0.58m³,4480元,1310元,2026-01-13 19:54,2026-11-14 08:09,2026-01-13 19:54,2025-06-12 10:17,已签收,李丽,1227km,鼓楼网点,鼓楼网点,货物损坏,高
WLYD5062192,深圳浦东新区,杭州朝阳区,杨伟,EMP_085,李强贸易公司,顺丰速运,电子产品,整车,2125kg,3.87m³,2516元,4367元,2026-05-13 14:28,2025-02-01 12:16,2026-05-13 14:28,2026-04-08 22:43,已退回,李敏,1977km,鼓楼网点,天河网点,路线异常,中
WLYD6086955,杭州余杭区,北京浦东新区,赵洋,EMP_100,张强贸易公司,顺丰速运,食品,合同物流,3671kg,8.82m³,2231元,1738元,2026-03-07 00:23,2026-09-20 00:00,2026-03-07 00:23,2025-02-15 00:53,已退回,陈强,1311km,朝阳网点,浦东网点,货物损坏,中
WLYD4807802,杭州浦东新区,南京鼓楼区,王洋,EMP_042,陈伟贸易公司,顺丰速运,电子产品,整车,271kg,4.26m³,3519元,2570元,2025-02-27 03:18,2025-12-28 00:48,2025-02-27 03:18,2026-09-03 16:07,已退回,吴强,1887km,余杭网点,朝阳网点,包装破损,高
WLYD8387427,深圳天河区,深圳余杭区,周磊,EMP_050,黄磊贸易公司,顺丰速运,建材,整车,4357kg,2.60m³,1981元,1843元,2026-10-25 10:30,2025-09-24 12:23,2026-10-25 10:30,2025-02-22 12:02,派送中,赵磊,1579km,朝阳网点,余杭网点,重量异常,高
WLYD2478693,上海天河区,北京鼓楼区,杨静,EMP_064,杨敏贸易公司,顺丰速运,食品,整车,965kg,7.61m³,3702元,1507元,2026-10-11 07:03,2026-12-16 06:06,2026-10-11 07:03,2025-05-07 23:58,派送中,陈静,577km,南山网点,南山网点,未及时签收,高
WLYD2205505,上海天河区,南京鼓楼区,黄敏,EMP_064,刘秀英贸易公司,顺丰速运,化工品,整车,2713kg,6.39m³,606元,2221元,2025-12-26 18:06,2026-06-21 02:57,2025-12-26 18:06,2025-03-16 19:26,派送中,赵芳,1406km,南山网点,浦东网点,重量异常,中
WLYD2345099,杭州南山区,北京南山区,王洋,EMP_049,周静贸易公司,顺丰速运,建材,合同物流,2538kg,9.63m³,3023元,551元,2025-12-01 05:34,2025-05-12 13:06,2025-12-01 05:34,2026-05-21 08:53,已签收,周芳,1796km,天河网点,朝阳网点,路线异常,中
WLYD1554837,杭州天河区,南京鼓楼区,张洋,EMP_026,李丽贸易公司,顺丰速运,化工品,合同物流,153kg,1.33m³,4389元,2618元,2025-08-27 13:34,2025-12-13 19:12,2025-08-27 13:34,2026-06-06 15:21,已退回,王静,1634km,天河网点,余杭网点,未及时签收,低
WLYD5176871,北京南山区,上海南山区,吴秀英,EMP_077,张静贸易公司,顺丰速运,食品,合同物流,2071kg,2.15m³,1907元,796元,2025-02-09 13:02,2026-03-15 19:59,2025-02-09 13:02,2025-04-05 16:20,已退回,陈强,1781km,浦东网点,天河网点,超时派送,高
WLYD7688405,广州南山区,深圳余杭区,杨洋,EMP_041,陈秀英贸易公司,顺丰速运,化工品,零担,1429kg,9.52m³,342元,252元,2026-03-18 01:32,2026-01-25 11:08,2026-03-18 01:32,2026-04-07 00:02,已签收,王洋,1117km,余杭网点,余杭网点,未及时签收,低
WLYD2446697,南京余杭区,北京天河区,王丽,EMP_048,陈磊贸易公司,顺丰速运,化工品,整车,661kg,5.77m³,870元,2237元,2026-02-09 13:40,2026-07-12 03:26,2026-02-09 13:40,2026-06-04 23:32,已签收,刘丽,90km,南山网点,余杭网点,包装破损,高
WLYD7367695,深圳南山区,上海浦东新区,李伟,EMP_024,黄磊贸易公司,顺丰速运,建材,整车,4954kg,4.39m³,725元,347元,2026-12-21 16:57,2025-11-28 22:30,2026-12-21 16:57,2026-11-15 21:06,已退回,黄强,1605km,天河网点,浦东网点,虚假签收,高
WLYD9321497,北京朝阳区,上海南山区,杨秀英,EMP_080,吴丽贸易公司,顺丰速运,化工品,零担,726kg,2.09m³,4114元,531元,2026-04-03 03:03,2026-08-24 10:27,2026-04-03 03:03,2025-06-15 13:42,派送中,赵强,1422km,朝阳网点,朝阳网点,货物损坏,中
WLYD6572608,深圳南山区,杭州天河区,杨娜,EMP_086,赵洋贸易公司,顺丰速运,电子产品,整车,2544kg,9.49m³,1300元,2862元,2025-05-15 23:12,2025-01-13 18:06,2025-05-15 23:12,2025-10-13 20:48,派送中,赵丽,602km,朝阳网点,南山网点,路线异常,高
WLYD2883197,深圳朝阳区,北京南山区,刘敏,EMP_099,刘伟贸易公司,顺丰速运,建材,整车,2991kg,0.25m³,4212元,3559元,2026-01-22 18:47,2026-07-13 21:05,2026-01-22 18:47,2026-05-07 12:46,已退回,吴磊,1172km,朝阳网点,余杭网点,货物损坏,低
WLYD5477460,南京天河区,北京鼓楼区,陈静,EMP_072,李洋贸易公司,顺丰速运,电子产品,合同物流,4472kg,6.76m³,4806元,4110元,2026-03-15 16:24,2026-01-14 00:23,2026-03-15 16:24,2026-06-15 06:59,已退回,杨娜,521km,天河网点,朝阳网点,包装破损,高
WLYD4347859,广州鼓楼区,杭州余杭区,黄芳,EMP_100,陈娜贸易公司,顺丰速运,化工品,零担,543kg,5.75m³,3222元,3865元,2025-06-19 02:53,2025-01-02 12:17,2025-06-19 02:53,2026-01-20 16:41,已退回,杨洋,1846km,南山网点,天河网点,虚假签收,中
WLYD1466462,上海浦东新区,深圳朝阳区,赵强,EMP_004,刘强贸易公司,顺丰速运,食品,整车,4214kg,7.17m³,1902元,3621元,2025-05-23 21:55,2026-09-21 13:06,2025-05-23 21:55,2025-01-02 05:37,派送中,刘磊,934km,浦东网点,余杭网点,超时派送,中
WLYD1226339,南京朝阳区,杭州天河区,刘娜,EMP_032,刘秀英贸易公司,顺丰速运,电子产品,零担,4379kg,7.61m³,1646元,1299元,2026-10-02 17:56,2026-06-09 06:16,2026-10-02 17:56,2026-10-23 19:00,已签收,刘静,1645km,朝阳网点,南山网点,路线异常,高
WLYD5303428,上海浦东新区,广州天河区,杨静,EMP_011,张娜贸易公司,顺丰速运,服装,合同物流,4669kg,1.96m³,1649元,1079元,2025-08-28 21:52,2026-05-27 15:56,2025-08-28 21:52,2026-09-05 16:01,派送中,赵丽,612km,南山网点,余杭网点,包装破损,低
WLYD3975492,上海鼓楼区,南京余杭区,周芳,EMP_043,杨敏贸易公司,顺丰速运,服装,整车,4068kg,6.24m³,1399元,1789元,2025-01-24 14:51,2025-07-16 16:55,2025-01-24 14:51,2025-07-19 07:17,派送中,周敏,390km,余杭网点,南山网点,货物损坏,低
WLYD8510864,杭州浦东新区,广州余杭区,杨静,EMP_052,吴伟贸易公司,顺丰速运,化工品,合同物流,1369kg,9.17m³,2482元,4621元,2026-06-03 00:31,2026-01-01 15:47,2026-06-03 00:31,2025-03-16 09:48,已退回,王娜,166km,朝阳网点,余杭网点,虚假签收,低
WLYD7080398,上海南山区,南京鼓楼区,杨秀英,EMP_018,陈洋贸易公司,顺丰速运,化工品,零担,2351kg,5.76m³,3453元,1790元,2026-04-18 08:24,2025-08-03 19:06,2026-04-18 08:24,2025-04-11 06:11,已退回,赵洋,207km,余杭网点,鼓楼网点,包装破损,低
WLYD2193915,深圳朝阳区,深圳朝阳区,赵强,EMP_004,周强贸易公司,顺丰速运,化工品,零担,2710kg,3.07m³,1274元,2655元,2026-10-28 09:02,2025-11-25 09:19,2026-10-28 09:02,2026-05-06 10:52,已退回,杨娜,1520km,南山网点,南山网点,重量异常,中
WLYD7766259,北京鼓楼区,杭州鼓楼区,吴静,EMP_040,吴磊贸易公司,顺丰速运,电子产品,整车,4577kg,1.73m³,2568元,1932元,2025-05-13 02:48,2025-11-14 13:06,2025-05-13 02:48,2026-06-06 04:29,已退回,黄磊,1607km,天河网点,朝阳网点,重量异常,低
WLYD5235568,上海南山区,广州南山区,吴静,EMP_052,刘洋贸易公司,顺丰速运,食品,零担,1494kg,9.26m³,4023元,774元,2026-10-21 08:04,2025-02-02 15:45,2026-10-21 08:04,2026-02-03 07:39,已签收,张敏,644km,天河网点,鼓楼网点,包装破损,中
WLYD6156471,杭州朝阳区,上海南山区,赵秀英,EMP_086,杨强贸易公司,顺丰速运,电子产品,合同物流,1586kg,6.07m³,1453元,3193元,2025-11-15 06:34,2026-02-27 22:27,2025-11-15 06:34,2025-06-10 13:00,已退回,陈敏,1500km,天河网点,朝阳网点,路线异常,高
WLYD9356960,南京天河区,杭州余杭区,黄娜,EMP_083,赵娜贸易公司,顺丰速运,建材,零担,4421kg,9.14m³,3573元,1815元,2025-04-11 03:01,2026-07-13 13:46,2025-04-11 03:01,2025-08-27 02:12,已签收,赵敏,1028km,朝阳网点,余杭网点,货物损坏,低
WLYD3456650,杭州南山区,上海南山区,杨洋,EMP_056,杨静贸易公司,顺丰速运,电子产品,零担,111kg,2.31m³,4596元,1547元,2025-10-03 17:42,2026-11-19 11:31,2025-10-03 17:42,2025-05-05 18:12,派送中,陈芳,1568km,天河网点,南山网点,重量异常,低
WLYD3653746,南京天河区,深圳鼓楼区,吴丽,EMP_023,王娜贸易公司,顺丰速运,服装,整车,3372kg,1.87m³,4450元,4137元,2026-01-28 01:16,2025-08-17 03:46,2026-01-28 01:16,2025-05-03 00:59,已退回,黄伟,1440km,浦东网点,天河网点,路线异常,中
WLYD1281750,杭州天河区,杭州南山区,吴磊,EMP_005,黄芳贸易公司,顺丰速运,化工品,整车,1561kg,9.50m³,1991元,979元,2026-02-09 15:12,2025-08-20 16:30,2026-02-09 15:12,2025-04-18 23:06,派送中,陈娜,1821km,朝阳网点,余杭网点,重量异常,中
WLYD3661361,北京朝阳区,杭州南山区,刘洋,EMP_051,吴伟贸易公司,顺丰速运,化工品,整车,1815kg,7.62m³,130元,219元,2026-10-24 03:40,2026-11-12 03:18,2026-10-24 03:40,2025-09-25 08:34,派送中,张娜,311km,鼓楼网点,天河网点,虚假签收,中
WLYD6205953,上海鼓楼区,上海天河区,李丽,EMP_042,杨强贸易公司,顺丰速运,化工品,整车,483kg,5.76m³,3887元,2803元,2026-12-24 00:32,2026-02-02 02:58,2026-12-24 00:32,2026-08-24 00:01,已签收,李磊,1469km,南山网点,天河网点,虚假签收,低
WLYD5456320,北京余杭区,深圳鼓楼区,张娜,EMP_050,黄静贸易公司,顺丰速运,服装,整车,1716kg,0.12m³,336元,2951元,2026-10-17 13:05,2025-08-04 11:20,2026-10-17 13:05,2026-04-08 17:50,已签收,王洋,186km,朝阳网点,余杭网点,包装破损,低
WLYD4580089,深圳天河区,上海南山区,王静,EMP_053,赵娜贸易公司,顺丰速运,食品,整车,4338kg,6.16m³,1797元,3958元,2026-01-19 19:40,2025-04-19 12:33,2026-01-19 19:40,2026-01-04 22:24,派送中,赵丽,1302km,天河网点,天河网点,包装破损,高
WLYD2444890,广州鼓楼区,上海鼓楼区,黄娜,EMP_033,赵静贸易公司,顺丰速运,建材,整车,3551kg,4.81m³,1613元,3479元,2026-09-19 07:46,2025-02-08 09:29,2026-09-19 07:46,2026-03-16 02:20,已签收,张静,1477km,浦东网点,南山网点,未及时签收,高
WLYD2889218,南京浦东新区,上海天河区,张丽,EMP_049,吴强贸易公司,顺丰速运,电子产品,整车,4924kg,4.99m³,812元,1899元,2025-08-23 02:54,2026-03-02 10:52,2025-08-23 02:54,2025-09-05 21:36,已签收,陈伟,1599km,朝阳网点,浦东网点,路线异常,高
WLYD9462321,上海南山区,广州余杭区,刘芳,EMP_032,杨芳贸易公司,顺丰速运,食品,合同物流,3699kg,7.04m³,4489元,1751元,2025-09-16 16:15,2026-12-01 05:10,2025-09-16 16:15,2026-02-06 09:51,已签收,吴伟,1432km,余杭网点,朝阳网点,货物损坏,中
WLYD6098844,南京鼓楼区,南京朝阳区,刘磊,EMP_070,张丽贸易公司,顺丰速运,建材,整车,4094kg,2.94m³,3710元,2334元,2026-05-01 06:23,2026-05-04 23:26,2026-05-01 06:23,2026-12-13 18:38,已签收,杨伟,620km,南山网点,鼓楼网点,超时派送,低
WLYD7956075,南京天河区,上海浦东新区,陈娜,EMP_080,周娜贸易公司,顺丰速运,化工品,零担,3448kg,4.07m³,4995元,4333元,2026-09-15 14:21,2025-12-02 12:21,2026-09-15 14:21,2025-10-12 14:46,派送中,王静,341km,天河网点,余杭网点,路线异常,高
WLYD9106661,上海天河区,杭州朝阳区,吴娜,EMP_092,李敏贸易公司,顺丰速运,建材,合同物流,3862kg,9.72m³,3050元,4697元,2026-06-09 00:06,2025-04-03 09:22,2026-06-09 00:06,2025-02-28 06:07,已退回,刘秀英,656km,朝阳网点,天河网点,路线异常,低
WLYD1791478,杭州鼓楼区,杭州朝阳区,赵敏,EMP_017,王芳贸易公司,顺丰速运,电子产品,零担,4008kg,2.60m³,4005元,3967元,2025-02-08 04:35,2025-03-28 08:11,2025-02-08 04:35,2026-12-01 17:42,已签收,吴磊,1065km,余杭网点,余杭网点,超时派送,中
WLYD5629770,杭州朝阳区,杭州天河区,赵芳,EMP_034,杨丽贸易公司,顺丰速运,电子产品,整车,111kg,2.46m³,575元,195元,2025-12-25 15:30,2026-08-20 04:45,2025-12-25 15:30,2025-12-06 23:47,派送中,王敏,1164km,浦东网点,南山网点,重量异常,高
WLYD2569189,上海朝阳区,广州天河区,陈静,EMP_010,赵秀英贸易公司,顺丰速运,食品,零担,3702kg,1.26m³,1394元,1527元,2026-02-20 01:32,2025-09-20 23:07,2026-02-20 01:32,2025-02-05 15:39,派送中,周洋,1152km,鼓楼网点,天河网点,包装破损,中
WLYD1310223,上海鼓楼区,上海鼓楼区,王磊,EMP_095,李静贸易公司,顺丰速运,化工品,合同物流,1405kg,7.28m³,4198元,4284元,2025-09-21 01:09,2025-02-14 11:33,2025-09-21 01:09,2025-07-22 15:11,派送中,王磊,817km,天河网点,余杭网点,路线异常,中
WLYD4454725,南京余杭区,北京朝阳区,陈娜,EMP_077,李丽贸易公司,顺丰速运,化工品,整车,1728kg,8.27m³,4164元,2124元,2025-04-10 07:57,2026-07-01 12:06,2025-04-10 07:57,2026-03-28 04:20,已签收,李敏,1015km,南山网点,鼓楼网点,重量异常,中
WLYD7583797,杭州朝阳区,南京天河区,黄娜,EMP_039,张娜贸易公司,顺丰速运,电子产品,整车,3220kg,0.61m³,1338元,901元,2025-04-02 00:17,2026-10-08 03:03,2025-04-02 00:17,2026-01-21 04:04,派送中,王洋,185km,南山网点,浦东网点,虚假签收,高
WLYD2057542,南京余杭区,上海浦东新区,黄娜,EMP_084,陈丽贸易公司,顺丰速运,建材,零担,2344kg,1.90m³,4111元,1244元,2026-10-20 20:07,2026-01-10 07:29,2026-10-20 20:07,2026-05-14 19:22,已退回,赵敏,289km,余杭网点,鼓楼网点,包装破损,中
WLYD5153879,杭州余杭区,上海浦东新区,王丽,EMP_027,吴娜贸易公司,顺丰速运,服装,合同物流,4384kg,3.54m³,1057元,3297元,2025-03-23 22:57,2026-10-19 08:26,2025-03-23 22:57,2025-06-19 11:40,已退回,王强,1338km,浦东网点,天河网点,运费异常,低
WLYD9120277,南京浦东新区,南京浦东新区,王敏,EMP_043,刘丽贸易公司,顺丰速运,食品,零担,4340kg,5.37m³,4165元,4569元,2026-01-24 04:20,2026-03-14 08:20,2026-01-24 04:20,2026-03-19 13:21,派送中,黄洋,388km,朝阳网点,天河网点,超时派送,高
WLYD9319899,上海余杭区,广州浦东新区,陈芳,EMP_092,黄芳贸易公司,顺丰速运,建材,合同物流,807kg,0.75m³,3349元,3210元,2026-06-22 14:05,2025-09-16 01:20,2026-06-22 14:05,2026-12-25 03:50,派送中,陈洋,478km,鼓楼网点,鼓楼网点,路线异常,高
WLYD3620195,杭州余杭区,杭州天河区,杨强,EMP_005,赵秀英贸易公司,顺丰速运,食品,整车,4866kg,5.40m³,2676元,3378元,2026-10-25 17:35,2025-04-04 23:15,2026-10-25 17:35,2026-11-04 15:28,已退回,赵娜,622km,朝阳网点,鼓楼网点,超时派送,低
WLYD2476439,上海南山区,杭州天河区,王敏,EMP_098,王敏贸易公司,顺丰速运,建材,零担,1301kg,9.19m³,3231元,3216元,2025-09-12 00:16,2025-03-27 10:36,2025-09-12 00:16,2026-09-04 17:31,派送中,李丽,423km,鼓楼网点,余杭网点,运费异常,中
WLYD7923755,南京浦东新区,杭州鼓楼区,周丽,EMP_049,赵敏贸易公司,顺丰速运,化工品,合同物流,198kg,6.10m³,4847元,342元,2026-03-21 09:27,2025-07-06 10:40,2026-03-21 09:27,2026-10-18 06:47,已退回,周磊,137km,天河网点,浦东网点,路线异常,高
WLYD9543953,广州浦东新区,上海鼓楼区,黄秀英,EMP_015,吴丽贸易公司,顺丰速运,服装,零担,2210kg,5.56m³,4354元,2830元,2026-05-25 15:49,2026-05-05 08:25,2026-05-25 15:49,2025-08-16 05:20,派送中,杨磊,588km,朝阳网点,南山网点,包装破损,高
WLYD2583029,杭州余杭区,深圳鼓楼区,杨丽,EMP_027,刘秀英贸易公司,顺丰速运,服装,合同物流,3401kg,9.02m³,4926元,346元,2026-10-12 20:10,2025-01-09 15:56,2026-10-12 20:10,2026-07-24 21:19,已签收,周洋,127km,南山网点,朝阳网点,未及时签收,中
WLYD5920930,上海南山区,上海余杭区,赵伟,EMP_017,杨伟贸易公司,顺丰速运,电子产品,整车,61kg,5.01m³,911元,4364元,2026-12-21 13:40,2025-06-14 12:01,2026-12-21 13:40,2025-05-01 03:42,已签收,李敏,1083km,浦东网点,南山网点,路线异常,低
WLYD5830509,广州天河区,深圳浦东新区,陈洋,EMP_073,李强贸易公司,顺丰速运,服装,整车,3298kg,1.06m³,2452元,451元,2026-05-02 15:55,2025-03-11 08:38,2026-05-02 15:55,2026-04-07 04:34,已退回,赵伟,1454km,天河网点,鼓楼网点,重量异常,中
WLYD6938926,南京南山区,深圳天河区,赵伟,EMP_022,陈磊贸易公司,顺丰速运,化工品,零担,4794kg,6.23m³,2251元,3363元,2026-01-17 07:09,2026-08-16 15:21,2026-01-17 07:09,2026-12-15 07:22,已退回,黄娜,1005km,余杭网点,天河网点,货物损坏,低
WLYD1585175,南京鼓楼区,深圳朝阳区,陈伟,EMP_004,杨芳贸易公司,顺丰速运,建材,整车,2943kg,5.29m³,214元,2946元,2025-01-23 22:02,2025-06-21 23:13,2025-01-23 22:02,2026-04-06 00:18,已退回,黄洋,995km,浦东网点,浦东网点,虚假签收,中
WLYD1780840,南京朝阳区,广州浦东新区,张丽,EMP_021,李洋贸易公司,顺丰速运,化工品,零担,758kg,2.69m³,1124元,163元,2026-11-27 05:42,2026-08-23 20:16,2026-11-27 05:42,2025-07-17 06:06,已签收,刘娜,637km,南山网点,天河网点,路线异常,中
WLYD9119304,广州天河区,南京朝阳区,赵秀英,EMP_060,黄秀英贸易公司,顺丰速运,电子产品,合同物流,3892kg,3.53m³,2823元,2065元,2026-10-04 15:21,2025-09-27 05:45,2026-10-04 15:21,2026-02-08 21:08,派送中,陈伟,1170km,南山网点,鼓楼网点,包装破损,高
WLYD3471679,上海天河区,广州浦东新区,张丽,EMP_001,刘磊贸易公司,顺丰速运,建材,零担,4535kg,7.34m³,4775元,4119元,2026-11-20 22:46,2026-11-07 07:50,2026-11-20 22:46,2025-04-02 02:23,已退回,赵洋,308km,浦东网点,鼓楼网点,超时派送,低
WLYD1910980,广州天河区,北京天河区,杨芳,EMP_091,王丽贸易公司,顺丰速运,服装,整车,92kg,0.92m³,4560元,2790元,2026-10-20 08:19,2025-11-20 13:56,2026-10-20 08:19,2025-12-15 18:21,派送中,吴芳,1498km,鼓楼网点,朝阳网点,超时派送,低
WLYD7994642,上海余杭区,杭州浦东新区,李洋,EMP_067,王静贸易公司,顺丰速运,电子产品,零担,3270kg,0.20m³,3516元,1956元,2026-11-13 03:07,2025-08-10 04:37,2026-11-13 03:07,2025-12-22 21:44,已退回,吴秀英,1708km,浦东网点,鼓楼网点,未及时签收,高
WLYD7424354,上海浦东新区,南京鼓楼区,张伟,EMP_070,李静贸易公司,顺丰速运,电子产品,整车,1520kg,4.50m³,2444元,1823元,2026-10-06 20:04,2026-11-16 14:00,2026-10-06 20:04,2026-08-09 11:13,已退回,张秀英,920km,朝阳网点,余杭网点,未及时签收,低
WLYD7804054,南京天河区,北京朝阳区,黄强,EMP_045,陈强贸易公司,顺丰速运,化工品,零担,4679kg,8.57m³,4536元,3497元,2026-01-24 14:07,2026-12-01 07:02,2026-01-24 14:07,2026-02-09 11:14,派送中,黄强,303km,鼓楼网点,天河网点,路线异常,高
WLYD3839005,杭州南山区,深圳朝阳区,吴静,EMP_025,吴芳贸易公司,顺丰速运,电子产品,零担,773kg,1.80m³,4952元,1127元,2026-06-25 07:31,2025-05-24 20:57,2026-06-25 07:31,2026-06-16 05:29,已签收,王娜,962km,浦东网点,鼓楼网点,货物损坏,中
WLYD9428786,杭州浦东新区,北京南山区,吴娜,EMP_038,王丽贸易公司,顺丰速运,食品,零担,3488kg,4.59m³,1403元,2031元,2026-12-21 16:19,2025-08-26 11:38,2026-12-21 16:19,2025-02-24 01:03,已退回,王伟,1027km,浦东网点,南山网点,运费异常,高
WLYD1573882,广州朝阳区,北京浦东新区,陈强,EMP_093,杨芳贸易公司,顺丰速运,建材,整车,4755kg,4.93m³,4048元,258元,2025-07-08 20:16,2025-10-24 16:55,2025-07-08 20:16,2026-10-13 16:09,已退回,陈静,450km,天河网点,朝阳网点,未及时签收,中
WLYD8738223,杭州南山区,广州余杭区,陈伟,EMP_018,王秀英贸易公司,顺丰速运,食品,整车,3318kg,0.45m³,1206元,4663元,2026-12-24 15:01,2025-12-11 19:56,2026-12-24 15:01,2026-07-02 16:34,已签收,杨娜,1549km,朝阳网点,浦东网点,路线异常,高
WLYD9696970,深圳鼓楼区,深圳鼓楼区,陈芳,EMP_095,刘静贸易公司,顺丰速运,建材,整车,4202kg,1.77m³,4038元,1866元,2026-12-17 01:31,2026-04-09 12:53,2026-12-17 01:31,2026-03-16 09:15,已签收,杨磊,713km,余杭网点,南山网点,重量异常,高
WLYD2833533,南京浦东新区,深圳朝阳区,杨伟,EMP_039,王伟贸易公司,顺丰速运,食品,整车,3826kg,8.49m³,4719元,4448元,2025-02-04 16:54,2026-03-15 08:01,2025-02-04 16:54,2026-01-20 21:50,派送中,赵静,977km,天河网点,朝阳网点,超时派送,低
WLYD6064696,广州南山区,北京余杭区,刘伟,EMP_089,王磊贸易公司,顺丰速运,食品,零担,1848kg,7.58m³,3858元,2315元,2025-02-09 03:58,2026-09-04 00:23,2025-02-09 03:58,2025-03-04 03:42,已退回,刘强,193km,浦东网点,鼓楼网点,包装破损,高
WLYD7600246,广州鼓楼区,上海天河区,赵磊,EMP_074,周静贸易公司,顺丰速运,服装,合同物流,970kg,6.79m³,1410元,2176元,2025-12-07 22:25,2026-02-11 11:38,2025-12-07 22:25,2025-01-13 11:40,已签收,李强,1251km,南山网点,南山网点,货物损坏,中
WLYD3667063,上海天河区,南京浦东新区,王秀英,EMP_039,王磊贸易公司,顺丰速运,化工品,零担,305kg,9.91m³,2960元,4034元,2025-10-11 12:50,2025-06-26 05:14,2025-10-11 12:50,2025-12-09 02:36,已签收,王秀英,500km,天河网点,余杭网点,运费异常,中
WLYD9286629,南京鼓楼区,上海鼓楼区,赵芳,EMP_034,赵丽贸易公司,顺丰速运,电子产品,整车,3805kg,8.54m³,2555元,631元,2025-07-10 01:29,2025-04-24 21:48,2025-07-10 01:29,2025-09-25 12:32,派送中,吴娜,1833km,南山网点,南山网点,运费异常,中
WLYD9169716,杭州朝阳区,南京朝阳区,周秀英,EMP_049,王静贸易公司,顺丰速运,建材,整车,1431kg,8.97m³,2131元,456元,2025-05-02 10:31,2025-04-04 11:34,2025-05-02 10:31,2025-08-14 10:06,已退回,杨磊,711km,浦东网点,天河网点,重量异常,高
WLYD3955339,上海朝阳区,南京鼓楼区,王洋,EMP_085,杨芳贸易公司,顺丰速运,化工品,零担,235kg,5.01m³,1955元,485元,2025-05-24 02:38,2026-10-18 22:09,2025-05-24 02:38,2025-11-14 04:12,已签收,陈静,1226km,浦东网点,朝阳网点,货物损坏,低
WLYD9198113,北京鼓楼区,杭州余杭区,吴娜,EMP_047,周静贸易公司,顺丰速运,化工品,零担,2039kg,0.91m³,3274元,740元,2025-03-02 20:51,2026-04-24 08:54,2025-03-02 20:51,2025-05-23 07:58,已签收,赵娜,255km,余杭网点,余杭网点,运费异常,中
WLYD7490173,上海鼓楼区,北京浦东新区,周娜,EMP_017,王娜贸易公司,顺丰速运,服装,零担,4303kg,5.68m³,143元,3732元,2025-06-26 22:48,2025-02-20 05:27,2025-06-26 22:48,2025-07-23 11:51,已签收,陈磊,425km,余杭网点,天河网点,路线异常,高
WLYD5349856,广州鼓楼区,杭州余杭区,王秀英,EMP_087,王秀英贸易公司,顺丰速运,食品,零担,3584kg,9.13m³,4746元,1919元,2026-07-19 08:25,2025-08-04 01:53,2026-07-19 08:25,2026-11-01 22:29,已退回,李敏,1652km,天河网点,余杭网点,重量异常,低
WLYD9338076,广州浦东新区,北京余杭区,陈秀英,EMP_075,王强贸易公司,顺丰速运,电子产品,整车,4019kg,9.22m³,1646元,453元,2025-05-05 21:20,2026-02-10 17:56,2025-05-05 21:20,2025-08-25 03:02,已退回,周秀英,95km,天河网点,南山网点,超时派送,低
WLYD4105858,杭州南山区,北京南山区,赵静,EMP_089,李丽贸易公司,顺丰速运,服装,整车,3722kg,9.60m³,3026元,3271元,2025-01-17 03:21,2025-07-10 16:36,2025-01-17 03:21,2025-02-23 13:50,已签收,赵静,1732km,鼓楼网点,南山网点,未及时签收,低
WLYD7273992,杭州朝阳区,上海浦东新区,赵秀英,EMP_071,张娜贸易公司,顺丰速运,电子产品,整车,191kg,7.74m³,4463元,1286元,2025-08-17 20:02,2026-09-28 06:45,2025-08-17 20:02,2025-02-19 05:00,派送中,李秀英,1981km,天河网点,天河网点,超时派送,低
WLYD1163332,南京南山区,深圳朝阳区,黄洋,EMP_092,李丽贸易公司,顺丰速运,电子产品,整车,93kg,2.31m³,1829元,4287元,2025-11-23 11:35,2026-10-09 14:49,2025-11-23 11:35,2026-05-11 17:03,派送中,王洋,1502km,朝阳网点,浦东网点,虚假签收,中
WLYD3686740,深圳浦东新区,北京南山区,周娜,EMP_011,黄芳贸易公司,顺丰速运,服装,零担,2869kg,7.15m³,2737元,4581元,2026-01-09 10:33,2026-05-28 05:18,2026-01-09 10:33,2026-02-12 08:27,派送中,陈敏,1185km,南山网点,浦东网点,货物损坏,高
WLYD1228781,深圳朝阳区,南京余杭区,张芳,EMP_013,李芳贸易公司,顺丰速运,化工品,合同物流,1824kg,2.78m³,3131元,3454元,2026-08-24 03:47,2025-11-11 12:33,2026-08-24 03:47,2026-03-20 21:51,已退回,陈丽,1614km,余杭网点,天河网点,货物损坏,高
WLYD8296392,北京天河区,深圳浦东新区,吴静,EMP_050,黄伟贸易公司,顺丰速运,电子产品,零担,560kg,6.71m³,3856元,478元,2025-02-16 04:21,2025-08-17 00:45,2025-02-16 04:21,2025-02-13 12:20,已签收,杨强,1829km,余杭网点,浦东网点,路线异常,中
WLYD7572338,广州鼓楼区,上海余杭区,黄洋,EMP_013,黄娜贸易公司,顺丰速运,建材,合同物流,1752kg,8.69m³,3353元,4529元,2026-02-14 01:18,2025-10-21 23:29,2026-02-14 01:18,2026-10-08 17:33,派送中,刘芳,1705km,鼓楼网点,浦东网点,未及时签收,低
WLYD4625334,广州浦东新区,杭州余杭区,赵丽,EMP_048,陈静贸易公司,顺丰速运,电子产品,合同物流,4160kg,3.77m³,500元,4331元,2026-09-13 18:34,2026-03-18 00:23,2026-09-13 18:34,2026-09-15 08:38,派送中,杨强,718km,天河网点,天河网点,重量异常,低
WLYD4569773,广州余杭区,上海浦东新区,周娜,EMP_047,周敏贸易公司,顺丰速运,化工品,零担,38kg,7.64m³,2196元,2083元,2026-10-22 19:38,2025-01-28 06:03,2026-10-22 19:38,2026-02-15 08:09,派送中,杨敏,1110km,浦东网点,南山网点,重量异常,中
WLYD2855908,杭州朝阳区,上海南山区,杨磊,EMP_075,赵强贸易公司,顺丰速运,食品,零担,442kg,5.44m³,2272元,4454元,2026-06-17 06:02,2025-10-12 15:28,2026-06-17 06:02,2025-11-08 04:19,派送中,杨芳,204km,余杭网点,南山网点,运费异常,高
WLYD3384568,深圳鼓楼区,深圳鼓楼区,杨芳,EMP_036,黄洋贸易公司,顺丰速运,电子产品,合同物流,4221kg,2.57m³,3219元,2211元,2026-01-23 09:59,2026-10-15 15:12,2026-01-23 09:59,2026-04-03 16:40,已退回,赵伟,467km,天河网点,鼓楼网点,路线异常,低
WLYD9775762,北京余杭区,上海余杭区,张静,EMP_084,张强贸易公司,顺丰速运,电子产品,合同物流,1179kg,2.38m³,4740元,2414元,2025-09-15 15:58,2026-08-27 05:14,2025-09-15 15:58,2026-06-06 21:50,已退回,王静,124km,朝阳网点,鼓楼网点,未及时签收,低
WLYD8355079,深圳余杭区,北京朝阳区,张伟,EMP_064,王强贸易公司,顺丰速运,建材,零担,1582kg,6.15m³,3410元,3035元,2025-02-10 00:02,2025-07-26 05:15,2025-02-10 00:02,2025-02-05 16:59,已签收,杨静,1698km,朝阳网点,鼓楼网点,货物损坏,中
WLYD9816047,深圳浦东新区,杭州浦东新区,王敏,EMP_098,李秀英贸易公司,顺丰速运,建材,合同物流,3658kg,7.27m³,1941元,336元,2026-07-04 00:59,2026-11-04 13:41,2026-07-04 00:59,2025-06-02 18:05,已签收,黄强,1183km,浦东网点,南山网点,重量异常,高
WLYD2349981,广州余杭区,杭州南山区,吴芳,EMP_061,张娜贸易公司,顺丰速运,电子产品,零担,561kg,0.86m³,3269元,975元,2025-05-26 01:07,2025-08-19 15:16,2025-05-26 01:07,2026-02-14 21:41,派送中,张敏,849km,浦东网点,南山网点,路线异常,中
WLYD1112435,杭州鼓楼区,广州浦东新区,刘娜,EMP_084,李洋贸易公司,顺丰速运,化工品,零担,450kg,9.87m³,3032元,4344元,2026-09-04 06:19,2026-12-23 00:28,2026-09-04 06:19,2026-06-06 00:57,派送中,吴静,1929km,浦东网点,南山网点,路线异常,高
WLYD7113722,深圳南山区,上海南山区,周娜,EMP_095,张磊贸易公司,顺丰速运,建材,整车,4831kg,9.53m³,1024元,4042元,2025-07-26 09:18,2026-07-12 16:25,2025-07-26 09:18,2025-01-10 18:18,派送中,刘娜,831km,鼓楼网点,天河网点,未及时签收,高
WLYD2189669,深圳余杭区,深圳南山区,杨敏,EMP_029,黄敏贸易公司,顺丰速运,食品,零担,3335kg,5.71m³,940元,2740元,2026-09-15 23:27,2025-04-02 08:46,2026-09-15 23:27,2026-08-18 04:11,已退回,吴娜,1271km,南山网点,鼓楼网点,运费异常,高
WLYD1595119,南京天河区,广州天河区,周磊,EMP_067,陈伟贸易公司,顺丰速运,电子产品,整车,3576kg,1.40m³,2245元,582元,2026-11-14 05:09,2026-01-07 04:52,2026-11-14 05:09,2025-10-12 23:48,已签收,周磊,1197km,天河网点,南山网点,超时派送,低
WLYD1486638,广州浦东新区,深圳南山区,杨丽,EMP_087,王磊贸易公司,顺丰速运,服装,零担,2829kg,5.15m³,4164元,1001元,2026-05-09 06:08,2026-10-03 22:23,2026-05-09 06:08,2025-05-16 02:31,已签收,张娜,984km,鼓楼网点,朝阳网点,超时派送,低
WLYD2155736,深圳浦东新区,深圳南山区,杨静,EMP_098,黄娜贸易公司,顺丰速运,电子产品,零担,638kg,9.00m³,3472元,3865元,2026-03-02 14:53,2026-11-16 16:01,2026-03-02 14:53,2026-02-20 08:57,已退回,李芳,460km,南山网点,天河网点,未及时签收,高
WLYD2558872,上海余杭区,北京鼓楼区,张芳,EMP_083,周娜贸易公司,顺丰速运,建材,整车,2000kg,8.69m³,2580元,1681元,2026-12-01 19:47,2026-12-03 12:05,2026-12-01 19:47,2025-08-17 20:12,派送中,杨磊,98km,鼓楼网点,鼓楼网点,包装破损,低
WLYD1882067,广州鼓楼区,北京南山区,周强,EMP_087,杨磊贸易公司,顺丰速运,食品,整车,4428kg,3.86m³,1975元,2209元,2026-07-06 23:47,2025-11-07 02:08,2026-07-06 23:47,2025-12-24 12:42,已签收,杨磊,321km,余杭网点,余杭网点,包装破损,低
WLYD1357437,深圳朝阳区,南京鼓楼区,周秀英,EMP_008,王洋贸易公司,顺丰速运,服装,零担,3974kg,7.07m³,425元,4296元,2025-08-22 11:03,2026-07-17 01:42,2025-08-22 11:03,2025-10-27 16:10,已签收,刘娜,770km,南山网点,浦东网点,运费异常,低
WLYD3941227,上海浦东新区,深圳朝阳区,李伟,EMP_022,刘伟贸易公司,顺丰速运,建材,合同物流,3579kg,0.79m³,2965元,4543元,2025-06-17 10:43,2026-04-05 10:06,2025-06-17 10:43,2026-09-20 19:38,已退回,李丽,999km,浦东网点,朝阳网点,路线异常,高
WLYD2719789,深圳南山区,广州鼓楼区,刘静,EMP_066,周静贸易公司,顺丰速运,电子产品,合同物流,1693kg,7.94m³,4385元,3997元,2025-08-11 08:21,2025-11-20 22:46,2025-08-11 08:21,2026-11-14 03:23,已退回,吴秀英,1449km,浦东网点,南山网点,包装破损,高
WLYD7249308,南京鼓楼区,上海朝阳区,李伟,EMP_047,张洋贸易公司,顺丰速运,电子产品,合同物流,1360kg,0.52m³,1610元,2803元,2026-08-17 04:28,2026-11-11 07:09,2026-08-17 04:28,2025-03-14 17:14,已退回,陈敏,609km,余杭网点,鼓楼网点,运费异常,低
WLYD9527385,上海余杭区,上海余杭区,陈强,EMP_048,周娜贸易公司,顺丰速运,服装,合同物流,4711kg,3.91m³,3463元,2774元,2025-08-12 14:32,2025-05-13 12:39,2025-08-12 14:32,2026-07-25 06:40,已签收,杨静,906km,天河网点,天河网点,货物损坏,高
WLYD9555400,广州余杭区,深圳南山区,刘娜,EMP_046,吴芳贸易公司,顺丰速运,化工品,零担,3246kg,5.03m³,3487元,2962元,2026-05-26 18:11,2026-03-17 01:51,2026-05-26 18:11,2025-06-15 17:38,已退回,王娜,723km,浦东网点,鼓楼网点,路线异常,中
WLYD9383540,杭州南山区,北京朝阳区,赵强,EMP_014,李伟贸易公司,顺丰速运,电子产品,整车,1545kg,0.02m³,4679元,1162元,2025-04-25 23:01,2026-04-22 21:21,2025-04-25 23:01,2026-12-16 13:41,派送中,黄敏,1533km,天河网点,浦东网点,路线异常,低
WLYD3107898,北京浦东新区,广州浦东新区,刘芳,EMP_012,杨秀英贸易公司,顺丰速运,服装,整车,3601kg,5.93m³,314元,276元,2026-03-07 17:26,2025-10-26 06:16,2026-03-07 17:26,2025-06-05 04:47,已签收,吴芳,806km,朝阳网点,余杭网点,未及时签收,中
WLYD6401053,上海朝阳区,北京余杭区,王娜,EMP_097,李静贸易公司,顺丰速运,建材,合同物流,1271kg,6.75m³,488元,321元,2025-02-07 12:58,2026-10-28 23:30,2025-02-07 12:58,2025-11-16 00:22,派送中,杨秀英,656km,鼓楼网点,南山网点,虚假签收,中
WLYD5939942,广州浦东新区,上海余杭区,赵伟,EMP_093,周芳贸易公司,顺丰速运,建材,整车,1087kg,9.24m³,1812元,3384元,2025-06-09 00:08,2026-07-03 11:09,2025-06-09 00:08,2026-10-10 15:16,已签收,吴洋,1718km,浦东网点,天河网点,虚假签收,低
WLYD5092150,广州南山区,北京南山区,刘洋,EMP_086,张敏贸易公司,顺丰速运,食品,合同物流,3479kg,9.84m³,1737元,3607元,2026-06-19 14:38,2026-08-03 18:34,2026-06-19 14:38,2026-01-14 13:35,已签收,黄丽,1919km,浦东网点,南山网点,运费异常,中
WLYD3330800,上海浦东新区,南京朝阳区,陈静,EMP_046,吴洋贸易公司,顺丰速运,化工品,零担,421kg,1.27m³,4156元,1506元,2026-03-05 08:53,2025-10-25 16:55,2026-03-05 08:53,2025-02-07 18:00,已签收,杨强,373km,南山网点,南山网点,重量异常,低
WLYD6555790,深圳鼓楼区,深圳余杭区,杨秀英,EMP_088,陈秀英贸易公司,顺丰速运,化工品,零担,3555kg,1.28m³,3793元,4648元,2026-10-23 08:51,2026-04-28 12:47,2026-10-23 08:51,2026-11-08 02:50,已签收,赵芳,1532km,浦东网点,南山网点,货物损坏,高
WLYD8709801,深圳天河区,上海南山区,吴磊,EMP_008,李洋贸易公司,顺丰速运,建材,整车,1521kg,2.01m³,4907元,3417元,2026-01-27 11:49,2026-11-18 04:56,2026-01-27 11:49,2026-12-05 23:58,已签收,黄芳,124km,鼓楼网点,鼓楼网点,包装破损,高
WLYD2281765,上海南山区,广州余杭区,赵丽,EMP_075,王磊贸易公司,顺丰速运,化工品,零担,2805kg,7.61m³,320元,3010元,2026-09-20 17:58,2026-09-25 22:41,2026-09-20 17:58,2025-10-06 02:37,派送中,刘敏,1050km,余杭网点,余杭网点,运费异常,高
WLYD9777374,上海余杭区,北京朝阳区,周伟,EMP_011,王娜贸易公司,顺丰速运,化工品,零担,2172kg,1.45m³,3975元,2863元,2026-02-26 08:13,2025-05-19 12:36,2026-02-26 08:13,2026-01-14 01:08,已签收,周洋,837km,余杭网点,天河网点,虚假签收,低
